3|NISATL0001C|Nissan|Atleon|Camión A110.35/1 DEE2800 2p|Chasis Cabina|C|Camión|2000-01-15|2001-07-01|2010-10-18|Cesado|2|3|0|Diesel|2953|110|3500|81|255|0|3500|4|En línea|2|Turbo|Sí|Sí|Diesel con catalizador de oxidación|126|0,00|0,00||0|0,00|0,00|0,00|Diesel inyección directa|5|Manual|Rígida|Rígida|Trasera|Discos ventilados|Tambores|185/75R16R|185/75R16R||90|5390|2009|2406|2800|3500|2325|0|0|0/0|0/0|0/0|1175|0|0|100000|3||||NISATLTG-200E1|2001|2000||Japan|Standard||||||21708,98|0,00|3545,60|451,00|25705,58|3.00|96,00|102,00|Delantero |Longitudinal|17,30||Discontinued|Rueda normal|2001-04-01||||,,
3|NISATL0011C|Nissan|Atleon|Camión A110.35/2 DEE3200 2p|Chasis Cabina|C|Camión|2000-01-15|2001-07-01|2010-10-18|Cesado|2|3|0|Diesel|2953|110|3500|81|255|0|3500|4|En línea|2|Turbo|Sí|Sí|Diesel con catalizador de oxidación|126|0,00|0,00||0|0,00|0,00|0,00|Diesel inyección directa|5|Manual|Rígida|Rígida|Trasera|Discos ventilados|Tambores|185/75R16R|185/75R16R||90|6100|2009|2406|3200|3500|2360|0|0|0/0|0/0|0/0|1140|0|0|100000|3||||NISATLTG-200E1|2001|2000||Japan|Standard||||||21889,28|0,00|3574,44|451,00|25914,73|3.00|96,00|102,00|Delantero |Longitudinal|17,30||Discontinued|Rueda normal|2001-04-01||||,,
3|NISATL0021C|Nissan|Atleon|Camión A110.35/3 DEE3600 2p|Chasis Cabina|C|Camión|2000-01-15|2001-07-01|2010-10-18|Cesado|2|3|0|Diesel|2953|110|3500|81|255|0|3500|4|En línea|2|Turbo|Sí|Sí|Diesel con catalizador de oxidación|126|0,00|0,00||0|0,00|0,00|0,00|Diesel inyección directa|5|Manual|Rígida|Rígida|Trasera|Discos ventilados|Tambores|185/75R16R|185/75R16R||90|6800|2009|2406|3600|3500|2385|0|0|0/0|0/0|0/0|1115|0|0|100000|3||||NISATLTG-200E1|2001|2000||Japan|Standard||||||22069,59|0,00|3603,29|451,00|26123,88|3.00|96,00|102,00|Delantero |Longitudinal|17,30||Discontinued|Rueda normal|2001-04-01||||,,
3|NISATL0101C|Nissan|Atleon|Camión A110.35H/1 DEE2800 2p|Chasis Cabina|C|Camión|2000-01-15|2001-07-01|2010-10-18|Cesado|2|3|0|Diesel|2953|110|3500|81|255|0|3500|4|En línea|2|Turbo|Sí|Sí|Diesel con catalizador de oxidación|122|0,00|0,00||0|0,00|0,00|0,00|Diesel inyección directa|5|Manual|Rígida|Rígida|Trasera|Discos ventilados|Tambores|195/75R16R|195/75R16R||90|5390|2016|2409|2800|3500|2251|0|0|0/0|0/0|0/0|1249|0|0|100000|3||||NISATLTG-200E1|2001|2000||Japan|Standard||||||23481,97|0,00|3829,28|451,00|27762,24|3.00|96,00|102,00|Delantero |Longitudinal|17,30||Discontinued|Rueda normal|2001-04-01||||,,
3|NISATL0111C|Nissan|Atleon|Camión A110.35H/2 DEE3200 2p|Chasis Cabina|C|Camión|2000-01-15|2001-07-01|2010-10-18|Cesado|2|3|0|Diesel|2953|110|3500|81|255|0|3500|4|En línea|2|Turbo|Sí|Sí|Diesel con catalizador de oxidación|122|0,00|0,00||0|0,00|0,00|0,00|Diesel inyección directa|5|Manual|Rígida|Rígida|Trasera|Discos ventilados|Tambores|195/75R16R|195/75R16R||90|6100|2016|2409|3200|3500|2396|0|0|0/0|0/0|0/0|1104|0|0|100000|3||||NISATLTG-200E1|2001|2000||Japan|Standard||||||23662,27|0,00|3858,12|451,00|27971,39|3.00|96,00|102,00|Delantero |Longitudinal|17,30||Discontinued|Rueda normal|2001-04-01||||,,
3|NISATL0121C|Nissan|Atleon|Camión A110.35H/3 DEE3600 2p|Chasis Cabina|C|Camión|2000-01-15|2001-07-01|2010-10-18|Cesado|2|3|0|Diesel|2953|110|3500|81|255|0|3500|4|En línea|2|Turbo|Sí|Sí|Diesel con catalizador de oxidación|122|0,00|0,00||0|0,00|0,00|0,00|Diesel inyección directa|5|Manual|Rígida|Rígida|Trasera|Discos ventilados|Tambores|195/75R16R|195/75R16R||90|6800|2016|2409|3600|3500|2401|0|0|0/0|0/0|0/0|1099|0|0|100000|3||||NISATLTG-200E1|2001|2000||Japan|Standard||||||23842,57|0,00|3886,97|451,00|28180,54|3.00|96,00|102,00|Delantero |Longitudinal|17,30||Discontinued|Rueda normal|2001-04-01||||,,
3|NISATL0131C|Nissan|Atleon|Camión A110.35H/4 DEE4000 2p|Chasis Cabina|C|Camión|2000-01-15|2001-07-01|2010-10-18|Cesado|2|3|0|Diesel|2953|110|3500|81|255|0|3500|4|En línea|2|Turbo|Sí|Sí|Diesel con catalizador de oxidación|122|0,00|0,00||0|0,00|0,00|0,00|Diesel inyección directa|5|Manual|Rígida|Rígida|Trasera|Discos ventilados|Tambores|195/75R16R|195/75R16R||90|7500|2016|2409|4000|3500|2421|0|0|0/0|0/0|0/0|1079|0|0|100000|3||||NISATLTG-200E1|2001|2000||Japan|Standard||||||24022,88|0,00|3915,82|451,00|28389,70|3.00|96,00|102,00|Delantero |Longitudinal|17,30||Discontinued|Rueda normal|2001-04-01||||,,
3|DAELUB0001C|Daewoo|Lublin|Furgón 2.4 TD 86 SW3304 Corto DEE2900 4p|Furgones|C|Furgón|2000-03-01|2002-01-01|2010-10-19|Cesado|4|3|0|Diesel|2417|86|4100|63|195|2500|4100|4|En línea|2|Turbo||Sí|Diesel con catalizador de oxidación|125|0,00|0,00||0|0,00|0,00|0,00|Diesel inyección de bomba|5|Manual|Rígida|Rígida|Trasera|Discos ventilados|Tambores|18515P|18515P||85|4797|1940|2320|2900|2900|1850|6800|6800|0/0|0/0|0/0|1050|2630|1530|100000|2||||DAELUBVNA499E1|2000|1999||South Korea|Standard||||||10103,22|0,00|1616,52||11719,74|2.40|90,00|95,00|Delantero |Longitudinal|20,60||Discontinued|Rueda normal|2000-03-01||||,,,
3|DAELUB0010C|Daewoo|Lublin|Furgón 2.4 TD 86 LW3504 Largo DEE3433 4p|Furgones|C|Furgón|2000-03-01|2002-01-01|2010-10-19|Cesado|4|3|0|Diesel|2417|86|4100|63|195|2500|4100|4|En línea|2|Turbo||Sí|Diesel con catalizador de oxidación|120|0,00|0,00||0|0,00|0,00|0,00|Diesel inyección de bomba|5|Manual|Rígida|Rígida|Trasera|Discos ventilados|Tambores|205/75R16Q|205/75R16Q||85|5330|1940|2340|3433|3500|2000|8400|8400|0/0|0/0|0/0|1500|3240|1530|100000|2||||DAELUBVNA499E1|2000|1999||South Korea|Standard||||||11009,92|0,00|1761,59||12771,51|2.40|90,00|95,00|Delantero |Longitudinal|20,60||Discontinued|Rueda normal|2000-03-01||||,,,
3|DAELUB0020C|Daewoo|Lublin|Combi 2.4 TD 86 SW3324 DEE2900 4p|Furgones|C|Combi|2000-03-01|2002-01-01|2010-10-19|Cesado|4|6|0|Diesel|2417|86|4100|63|195|2500|4100|4|En línea|2|Turbo||Sí|Diesel con catalizador de oxidación|125|0,00|0,00||0|0,00|0,00|0,00|Diesel inyección de bomba|5|Manual|Rígida|Rígida|Trasera|Discos ventilados|Tambores|18515P|18515P||85|4797|1940|2320|2900|2900|2050|3400|6800|0/0|0/0|0/0|850|1324|1530|100000|2||||DAELUBVCA499E1|2000|1999||South Korea|Standard||||||11243,07|0,00|1798,89||13041,96|2.40|90,00|95,00|Delantero |Longitudinal|20,60||Discontinued|Rueda normal|2000-03-01||||,,,
3|NISPIC0020C|Nissan|Pick-up|Doble Cab. 2.5 TD 104 Navara 4x4 DEE2950 4p|Pick-up|C|Pick-Up Doble Cabina|2000-06-01|2002-03-01|2010-10-19|Cesado|4|4|0|Diesel|2494|104|4000|76|245|2000|4000|4|En línea|2|Turbo|Sí|Sí|Diesel con catalizador de oxidación|145|17,40|0,00||0|0,00|0,00|0,00|Diesel|5|Manual|Independiente|Rígida|Tracción integral seleccionable|Discos|Tambores|20516S|20516S||60|4885|1820|1720|2950|2680|1800|0|0|0/0|0/0|0/0|880|1395|0|100000|3||||NISPICPD-498E1|2001|1998|D22|Japan|Navara||||||19934,52|0,00|3242,48|331,00|23508,00|2.50|92,90|92,00|Delantero |Longitudinal|22,40||Discontinued|Rueda normal|2002-01-01||||,,
3|NISPIC0021C|Nissan|Pick-up|Doble Cab. 2.5 TD 104 Navara Plus 4x4 DEE2950 4p|Pick-up|C|Pick-Up Doble Cabina|2000-06-01|2002-03-01|2010-10-19|Cesado|4|4|0|Diesel|2494|104|4000|76|245|2000|4000|4|En línea|2|Turbo|Sí|Sí|Diesel con catalizador de oxidación|145|17,40|0,00||0|0,00|0,00|0,00|Diesel|5|Manual|Independiente|Rígida|Tracción integral seleccionable|Discos|Tambores|255/70R15S|255/70R15S||60|4885|1820|1720|2950|2680|1800|0|0|0/0|0/0|0/0|880|1395|0|100000|3||||NISPICPD-498E1|2001|1998|D22|Japan|Navara||||||20918,14|0,00|3399,86|331,00|24649,00|2.50|92,90|92,00|Delantero |Longitudinal|22,40||Discontinued|Rueda normal|2002-01-01||||,,
3|SEAINC0011C|SEAT|Inca|Van 1.4i 60 DEE2601 3p|Furgón Pequeño|C|Furgón Pequeño|2000-09-18|2003-06-01|2010-10-15|Cesado|3|2|0|Gasolina|1391|60|4650|44|117|2900|4650|4|En línea|2|||Sí|Catalizador regulado|142|18,80|0,00||0|0,00|0,00|9,00|Inyección multipunto|5|Manual|Independiente|Rígida|Delantera|Discos ventilados|Tambores|175/65R14R|175/65R14R||54|4207|1695|1836|2601|1660|1035|2900|2900|0/0|1348/1521|0/0|625|1583|1279||2||||SEAINCEVL395E1|2003|1995|6K9|España|Standard||||||8034,48|0,00|1285,52||9320,00|1.40|76,50|75,60|Delantero |Transversal|10,30||Discontinued|Rueda normal|2002-11-01||||,,,
3|SEAINC0012C|SEAT|Inca|Kombi 1.4i 60 CLX DEE2601 3p|Furgón Pequeño|C|Combi Pequeño|2000-09-18|2003-06-01|2010-10-15|Cesado|3|5|0|Gasolina|1391|60|4650|44|117|2900|4650|4|En línea|2|||Sí|Catalizador regulado|142|18,80|0,00||0|0,00|0,00|9,00|Inyección multipunto|5|Manual|Independiente|Rígida|Delantera|Discos ventilados|Tambores|175/65R14R|175/65R14R||54|4207|1695|1836|2601|1680|1065|2380|2840|0/0|1348/1521|0/0|625|835|1279||2||||SEAINCEVL395E1|2002|1995|6K9|España|CLX(I)||||||9413,79|0,00|1506,21||10920,00|1.40|76,50|75,60|Delantero |Transversal|10,30||Discontinued|Rueda normal|2002-11-01||||,,,
3|SEAINC0013C|SEAT|Inca|Van 1.9 SDi 64 DEE2601 3p|Furgón Pequeño|C|Furgón Pequeño|2000-09-18|2003-06-01|2007-11-28|Cesado|3|2|0|Diesel|1896|64|4200|47|125|2000|4200|4|En línea|2|||Sí|Diesel con catalizador de oxidación|144|20,10|0,00||0|0,00|0,00|9,00|Diesel inyección directa|5|Manual|Independiente|Rígida|Delantera|Discos ventilados|Tambores|175/65R14R|175/65R14R||54|4207|1695|1836|2601|1730|1105|2900|2900|0/0|1348/1521|0/0|625|1583|1279||2||||SEAINCEVL395E1|2003|1995|6K9|España|Standard||||||9875,00|0,00|1580,00||11455,00|1.90|79,50|95,50|Delantero |Transversal|19,50||Discontinued|Rueda normal|2002-11-01||||,,,
3|NISPIC0022C|Nissan|Pick-up|Doble Cab. 2.5 TD 104 Navara Silver 4x4 DEE2950 4p|Pick-up|C|Pick-Up Doble Cabina|2001-01-01|2002-03-01|2010-10-19|Cesado|4|4|0|Diesel|2494|104|4000|76|245|2000|4000|4|En línea|2|Turbo|Sí|Sí|Diesel con catalizador de oxidación|145|17,40|0,00||0|0,00|0,00|0,00|Diesel|5|Manual|Independiente|Rígida|Tracción integral seleccionable|Discos|Tambores|255/70R15S|255/70R15S||60|4885|1820|1720|2950|2680|1800|0|0|0/0|0/0|0/0|880|1395|0|100000|3||||NISPICPD-498E1|2001|1998|D22|Japan|Navara||||||20186,31|0,00|3282,77|331,00|23800,08|2.50|92,90|92,00|Delantero |Longitudinal|22,40||Discontinued|Rueda normal|2002-01-01||||,,
3|NISATL1001C|Nissan|Atleon|Camión A120.35/1 DEE2800 2p|Chasis Cabina|C|Camión|2001-07-01|2004-03-01|2010-10-18|Cesado|2|3|0|Diesel|2953|120|3500|88|272|0|3500|4|En línea|2|Turbo|Sí|Sí|Diesel con catalizador de oxidación|0|0,00|0,00|EURO 3|0|0,00|0,00|9,00|Diesel inyección directa|5|Manual|Rígida|Rígida|Trasera|Discos ventilados|Tambores|195/75R16R|195/75R16R||90|5390|2009|2406|2800|3500|2000|0|0|0/0|0/0|0/0|1500|0|0||3||||NISATLTG-200E1|2003|2000||Japan|Standard||||||23062,79|0,00|3762,21|451,00|27276,00|3.00|96,00|102,00|Delantero |Longitudinal|0,00||Discontinued|Rueda normal|2003-01-01||||,,
3|NISATL1011C|Nissan|Atleon|Camión A120.35/2 DEE3200 2p|Chasis Cabina|C|Camión|2001-07-01|2004-03-01|2010-10-18|Cesado|2|3|0|Diesel|2953|120|3500|88|272|0|3500|4|En línea|2|Turbo|Sí|Sí|Diesel con catalizador de oxidación|0|0,00|0,00|EURO 3|0|0,00|0,00|9,00|Diesel inyección directa|5|Manual|Rígida|Rígida|Trasera|Discos ventilados|Tambores|195/75R16R|195/75R16R||90|6100|2009|2406|3200|3500|2025|0|0|0/0|0/0|0/0|1475|0|0||3||||NISATLTG-200E1|2003|2000||Japan|Standard||||||23228,31|0,00|3788,69|451,00|27468,00|3.00|96,00|102,00|Delantero |Longitudinal|0,00||Discontinued|Rueda normal|2003-01-01||||,,
3|NISATL1021C|Nissan|Atleon|Camión A120.35/3 DEE3600 2p|Chasis Cabina|C|Camión|2001-07-01|2004-03-01|2010-10-18|Cesado|2|3|0|Diesel|2953|120|3500|88|272|0|3500|4|En línea|2|Turbo|Sí|Sí|Diesel con catalizador de oxidación|0|0,00|0,00|EURO 3|0|0,00|0,00|9,00|Diesel inyección directa|5|Manual|Rígida|Rígida|Trasera|Discos ventilados|Tambores|195/75R16R|195/75R16R||90|6800|2009|2406|3600|3500|2040|0|0|0/0|0/0|0/0|1460|0|0||3||||NISATLTG-200E1|2003|2000||Japan|Standard||||||23392,97|0,00|3815,04|451,00|27659,00|3.00|96,00|102,00|Delantero |Longitudinal|0,00||Discontinued|Rueda normal|2003-01-01||||,,
3|NISATL1101C|Nissan|Atleon|Camión A120.35H/1 DEE2800 2p|Chasis Cabina|C|Camión|2001-07-01|2004-03-01|2010-10-18|Cesado|2|3|0|Diesel|2953|120|3500|88|272|0|3500|4|En línea|2|Turbo|Sí|Sí|Diesel con catalizador de oxidación|0|0,00|0,00|EURO 3|0|0,00|0,00|9,00|Diesel inyección directa|5|Manual|Rígida|Rígida|Trasera|Discos ventilados|Tambores|205/75R16S|205/75R16S||90|5390|2016|2409|2800|3500|2035|0|0|0/0|0/0|0/0|1465|0|0||3||||NISATLTG-200E1|2003|2000||Japan|Standard||||||24944,69|0,00|4063,31|451,00|29459,00|3.00|96,00|102,00|Delantero |Longitudinal|0,00||Discontinued|Rueda normal|2003-01-01||||,,
3|NISATL1111C|Nissan|Atleon|Camión A120.35H/2 DEE3200 2p|Chasis Cabina|C|Camión|2001-07-01|2004-03-01|2010-10-18|Cesado|2|3|0|Diesel|2953|120|3500|88|272|0|3500|4|En línea|2|Turbo|Sí|Sí|Diesel con catalizador de oxidación|0|0,00|0,00|EURO 3|0|0,00|0,00|9,00|Diesel inyección directa|5|Manual|Rígida|Rígida|Trasera|Discos ventilados|Tambores|205/75R16S|205/75R16S||90|6100|2016|2409|3200|3500|2070|0|0|0/0|0/0|0/0|1430|0|0||3||||NISATLTG-200E1|2003|2000||Japan|Standard||||||25110,21|0,00|4089,79|451,00|29651,00|3.00|96,00|102,00|Delantero |Longitudinal|0,00||Discontinued|Rueda normal|2003-01-01||||,,
3|NISATL1121C|Nissan|Atleon|Camión A120.35H/3 DEE3600 2p|Chasis Cabina|C|Camión|2001-07-01|2004-03-01|2010-10-18|Cesado|2|3|0|Diesel|2953|120|3500|88|272|0|3500|4|En línea|2|Turbo|Sí|Sí|Diesel con catalizador de oxidación|0|0,00|0,00|EURO 3|0|0,00|0,00|9,00|Diesel inyección directa|5|Manual|Rígida|Rígida|Trasera|Discos ventilados|Tambores|205/75R16S|205/75R16S||90|6800|2016|2409|3600|3500|2085|0|0|0/0|0/0|0/0|1415|0|0||3||||NISATLTG-200E1|2003|2000||Japan|Standard||||||25274,86|0,00|4116,14|451,00|29842,00|3.00|96,00|102,00|Delantero |Longitudinal|0,00||Discontinued|Rueda normal|2003-01-01||||,,
3|NISATL1131C|Nissan|Atleon|Camión A120.35H/4 DEE4000 2p|Chasis Cabina|C|Camión|2001-07-01|2004-03-01|2010-10-18|Cesado|2|3|0|Diesel|2953|120|3500|88|272|0|3500|4|En línea|2|Turbo|Sí|Sí|Diesel con catalizador de oxidación|0|0,00|0,00|EURO 3|0|0,00|0,00|9,00|Diesel inyección directa|5|Manual|Rígida|Rígida|Trasera|Discos ventilados|Tambores|205/75R16S|205/75R16S||90|7500|2016|2409|4000|3500|2105|0|0|0/0|0/0|0/0|1395|0|0||3||||NISATLTG-200E1|2003|2000||Japan|Standard||||||25440,38|0,00|4142,62|451,00|30034,00|3.00|96,00|102,00|Delantero |Longitudinal|0,00||Discontinued|Rueda normal|2003-01-01||||,,
3|SUZSAM0003C|Suzuki|Samurai|Pick-Up 1.9D 64 DEE2375 2p|Pick-up|C|Pick-Up Cabina Simple|2001-03-01|2004-12-31|2007-11-28|Cesado|2|2|0|Diesel|1870|64|4300|47|115|2500|4300|4|En línea|2|Turbo|Sí|Sí|Diesel con catalizador de oxidación|158|19,00|0,00|EURO 3|130|6,20|4,00|4,80|Diesel common rail|5|Manual|Rígida|Rígida|Tracción integral permanente|Discos|Tambores|205/70R15Q|205/70R15Q||40|4010|1530|1675|2375|1530|1120|0|0|0/0|0/0|0/0|410|0|0|100000|3||||SUZSAMPP-298E1|2003|1998|SJ|Japan|Standard||||||9241,01|0,00|1504,28|160,77|10906,07|1.90|80,00|93,00|Delantero |Longitudinal|18,50||Discontinued|Rueda normal|2003-01-01||||,,
3|NISPIC0031C|Nissan|Pick-up|Ch. Cab. 2.5 TD 133 4x2 2p|Pick-up|C|Pick-Up Cabina Simple|2002-03-01|2008-10-01|2011-02-23|Cesado|2|3|0|Diesel|2488|133|3600|98|304|2000|3600|4|En línea|4|Turbo|Sí|Sí|Diesel con catalizador de oxidación|170|11,70|0,00|EURO 3|0|0,00|0,00|9,00|Diesel inyección directa|5|Manual|Independiente|Rígida|Trasera|Discos ventilados|Tambores|195/75R14S|195/75R14S||75|5020|1690|1620|2950|2630|1505|0|0|0/0|0/0|0/0|1185|2235|430||3||||NISPICPP-202E1|2004|2002||Japan|Standard||||||13806,07|0,00|2261,93|331,00|16399,00|2.50|89,00|100,00|Delantero |Longitudinal|18,00||Discontinued|Rueda normal|2007-01-01||||,,
3|NISPIC0032C|Nissan|Pick-up|2.5 DTi 133 4x2 2p|Pick-up|C|Pick-Up Cabina Simple|2002-03-01|2010-02-01|2011-02-23|Cesado|2|3|0|Diesel|2488|133|4000|98|304|2000|4000|4|En línea|4|Turbo|Sí|Sí|Diesel con catalizador de oxidación|168|11,70|0,00|EURO 4|193|8,80|6,50|7,30|Diesel common rail|5|Manual|Independiente|Rígida|Trasera|Discos ventilados|Tambores|195/75R14T|195/75R14T|No|75|5020|1690|1610|2950|2630|1510|0|0|0/0|0/0|0/0|1120|2235|430||3||||NISPICPP-202E1|2008|2002||Japan|Standard||||||14718,00|0,00|2408,64|336,00|17462,64|2.50|89,00|100,00|Delantero |Longitudinal|18,00|5|Discontinued|Rueda normal|2009-07-01||||,,
3|NISPIC0033C|Nissan|Pick-up|King Cab. 2.5 TD 133 4x2 DEE2950 2p|Pick-up|C|Pick-Up Cabina Larga|2002-03-01|2006-01-01|2011-02-23|Cesado|2|4|0|Diesel|2488|133|3600|98|304|2000|3600|4|En línea|4|Turbo|Sí|Sí|Diesel con catalizador de oxidación|170|11,70|0,00|EURO 3|0|0,00|0,00|9,00|Diesel inyección directa|5|Manual|Independiente|Rígida|Trasera|Discos ventilados|Tambores|195/75R14S|195/75R14S||75|5045|1690|1620|2950|2630|1560|0|0|0/0|0/0|0/0|1130|1865|435||3||||NISPICPL-202E1|2004|2002||Japan|Standard||||||14528,48|0,00|2377,52|331,00|17237,00|2.50|89,00|100,00|Delantero |Longitudinal|18,00||Discontinued|Rueda normal|2005-05-01||||,,
3|NISPIC0034C|Nissan|Pick-up|2.5 DTi 133 4x4 2p|Pick-up|C|Pick-Up Cabina Simple|2002-03-01|2010-02-01|2011-02-23|Cesado|2|3|0|Diesel|2488|133|4000|98|304|2000|4000|4|En línea|4|Turbo|Sí|Sí|Diesel con catalizador de oxidación|158|13,30|0,00|EURO 4|241|10,40|8,40|9,10|Diesel common rail|5|Manual|Independiente|Rígida|Tracción integral seleccionable|Discos ventilados|Tambores|205/75R16S|205/75R16S|No|75|5020|1825|1700|2950|2860|1725|0|0|0/0|0/0|0/0|1135|2235|430||3||||NISPICPP-202E1|2008|2002||Japan|Standard||||||17268,00|0,00|2816,64|336,00|20420,64|2.50|89,00|100,00|Delantero |Longitudinal|18,00|5|Discontinued|Rueda normal|2009-07-01||||,,
3|NISPIC0035C|Nissan|Pick-up|King Cab. 2.5 TD 133 4x4 DEE2950 2p|Pick-up|C|Pick-Up Cabina Larga|2002-03-01|2006-01-01|2011-02-23|Cesado|2|4|0|Diesel|2488|133|3600|98|304|2000|3600|4|En línea|4|Turbo|Sí|Sí|Diesel con catalizador de oxidación|160|13,30|0,00|EURO 3|0|0,00|0,00|9,00|Diesel inyección directa|5|Manual|Independiente|Rígida|Tracción integral seleccionable|Discos ventilados|Tambores|205/75R16S|205/75R16S||75|5045|1825|1700|2950|2860|1915|0|0|0/0|0/0|0/0|1065|1865|435||3||||NISPICPL-202E1|2004|2002||Japan|Standard||||||19725,03|0,00|3208,96|331,00|23265,00|2.50|89,00|100,00|Delantero |Longitudinal|18,00||Discontinued|Rueda normal|2005-05-01||||,,
3|NISPIC0036C|Nissan|Pick-up|Ch. Doble Cab. 2.5 TD 133 4x4 DEE2950 4p|Pick-up|C|Pick-Up Doble Cabina|2002-03-01|2006-01-01|2011-02-23|Cesado|4|4|0|Diesel|2488|133|3600|98|304|2000|3600|4|En línea|4|Turbo|Sí|Sí|Diesel con catalizador de oxidación|160|13,30|0,00|EURO 3|0|0,00|0,00|9,00|Diesel inyección directa|5|Manual|Independiente|Rígida|Tracción integral seleccionable|Discos ventilados|Tambores|205/75R16S|205/75R16S||75|4955|1825|1715|2950|2860|1915|0|0|0/0|0/0|0/0|1065|1395|435||3||||NISPICPD-402E1|2004|2002||Japan|Standard||||||19386,24|0,00|3154,76|331,00|22872,00|2.50|89,00|100,00|Delantero |Longitudinal|18,00||Discontinued|Rueda normal|2005-05-01||||,,
3|NISPIC0037C|Nissan|Pick-up|Doble Cab. 2.5 TD 133 4x4 DEE2950 4p|Pick-up|C|Pick-Up Doble Cabina|2002-03-01|2008-10-01|2011-02-23|Cesado|4|4|0|Diesel|2488|133|3600|98|304|2000|3600|4|En línea|4|Turbo|Sí|Sí|Diesel con catalizador de oxidación|160|13,30|0,00|EURO 3|0|0,00|0,00|9,00|Diesel inyección directa|5|Manual|Independiente|Rígida|Tracción integral seleccionable|Discos ventilados|Tambores|205/75R16S|205/75R16S||75|4955|1825|1715|2950|2860|1950|0|0|0/0|0/0|0/0|1030|1395|435||3||||NISPICPD-402E1|2004|2002||Japan|Standard||||||21227,62|0,00|3449,38|331,00|25008,00|2.50|89,00|100,00|Delantero |Longitudinal|18,00||Discontinued|Rueda normal|2007-01-01||||,,
3|NISPIC0038C|Nissan|Pick-up|Doble Cab. 2.5 TD 133 4x2 DEE2950 4p|Pick-up|C|Pick-Up Doble Cabina|2002-03-01|2006-01-01|2011-02-23|Cesado|4|4|0|Diesel|2488|133|3600|98|304|2000|3600|4|En línea|4|Turbo|Sí|Sí|Diesel con catalizador de oxidación|170|11,70|0,00|EURO 3|0|0,00|0,00|9,00|Diesel inyección directa|5|Manual|Independiente|Rígida|Trasera|Discos ventilados|Tambores|195/75R14S|195/75R14S||75|4885|1690|1620|2950|2630|1750|0|0|0/0|0/0|0/0|1080|1395|435||3||||NISPICPD-402E1|2004|2002||Japan|Standard||||||15149,17|0,00|2476,83|331,00|17957,00|2.50|89,00|100,00|Delantero |Longitudinal|18,00||Discontinued|Rueda normal|2005-05-01||||,,
3|NISPIC0039C|Nissan|Pick-up|Doble Cab. 2.5 TD 133 Navara 4x4 DEE2950 4p|Pick-up|C|Pick-Up Doble Cabina|2002-03-01|2006-01-01|2011-02-23|Cesado|4|4|0|Diesel|2488|133|3600|98|304|2000|3600|4|En línea|4|Turbo|Sí|Sí|Diesel con catalizador de oxidación|160|13,30|0,00|EURO 3|0|0,00|0,00|9,00|Diesel inyección directa|5|Manual|Independiente|Rígida|Tracción integral seleccionable|Discos ventilados|Tambores|255/75R16S|255/75R16S||75|4995|1825|1715|2950|2860|1980|0|0|0/0|0/0|0/0|1030|1395|435||3||||NISPICPD-402E1|2004|2002||Japan|Navara||||||22805,21|0,00|3701,79|331,00|26838,00|2.50|89,00|100,00|Delantero |Longitudinal|18,00||Discontinued|Rueda normal|2005-05-01||||,,
3|NISPIC0041C|Nissan|Pick-up|Doble Cab. 2.5 TD 133 Navara 4x2 DEE2950 4p|Pick-up|C|Pick-Up Doble Cabina|2002-03-01|2006-01-01|2011-02-23|Cesado|4|4|0|Diesel|2488|133|3600|98|304|2000|3600|4|En línea|4|Turbo|Sí|Sí|Diesel con catalizador de oxidación|170|11,70|0,00|EURO 3|0|0,00|0,00|9,00|Diesel inyección directa|5|Manual|Independiente|Rígida|Tracción integral seleccionable|Discos ventilados|Tambores|255/75R16S|255/75R16S||75|4995|1690|1620|2950|2630|1750|0|0|0/0|0/0|0/0|1085|1395|435||3||||NISPICPD-402E1|2004|2002||Japan|Navara||||||19952,62|0,00|3245,38|331,00|23529,00|2.50|89,00|100,00|Delantero |Longitudinal|18,00||Discontinued|Rueda normal|2005-05-01||||,,
3|TOYHIL0006C|Toyota|Hilux|Cab. 2.4 90 4X4 DEE2850 2p|Pick-up|C|Pick-Up Cabina Simple|2000-05-01|2002-01-01|2016-06-23|Cesado|2|2|0|Diesel|2446|90|3500|66|226|2200|3500|4|En línea|2|Turbo||Sí|Diesel con catalizador de oxidación|135|16,70|0,00||0|12,90|8,60|10,20|Diesel|5|Manual|Independiente|Rígida|Tracción integral seleccionable|Discos ventilados|Tambores|205/70R16H|205/70R16H||77|4725|1760|1700|2850|2515|1620|0|0|0/0|0/0|0/0|895|2160|0||3||||TOYHILPP-297E1|2001|1997||Japan|Standard||||||16060,95|0,00|2612,95|270,00|18943,90|2.40|92,00|92,00|Delantero |Transversal|21,00||Discontinued|Rueda normal|2000-12-01||||,,
3|TOYHIL0010C|Toyota|Hilux|Cab. 2.5 102 Base DEE2860 2p|Pick-up|C|Pick-Up Cabina Simple|2002-02-01|2005-10-01|2016-06-23|Cesado|2|2|0|Diesel|2494|102|3600|75|260|1600|3600|4|En línea|4|Turbo|Sí|Sí|Diesel con catalizador de oxidación|150|17,80|0,00|EURO 3|0|12,90|8,60|10,20|Diesel common rail|5|Manual|Independiente|Rígida|Tracción integral seleccionable|Discos ventilados|Tambores|205/70R16H|205/70R16H||77|4915|1700|1745|2860|2515|1620|0|0|0/0|0/0|0/0|990|2160|0||3||||TOYHILPP-297E1|2004|1997||Japan|Base/No Desc.||||||17173,97|0,00|2791,04|270,00|20235,00|2.50|92,00|93,80|Delantero |Longitudinal|18,50||Discontinued|Rueda normal|2004-01-01||||,,
3|TOYHIL0011C|Toyota|Hilux|Doble Cab. 2.5 102 Base DEE2860 4p|Pick-up|C|Pick-Up Doble Cabina|2002-01-01|2005-10-01|2016-06-23|Cesado|4|5|0|Diesel|2494|102|3600|75|260|1600|3600|4|En línea|4|Turbo|Sí|Sí|Diesel con catalizador de oxidación|150|17,80|0,00|EURO 3|0|12,90|8,60|10,20|Diesel common rail|5|Manual|Independiente|Rígida|Tracción integral seleccionable|Discos ventilados|Tambores|205/70R16H|205/70R16H||66|4915|1700|1780|2860|2515|1715|0|0|0/0|0/0|0/0|755|1405|0||3||||TOYHILPD-497E1|2004|1997||Japan|Base/No Desc.||||||16276,88|0,00|2647,50|270,00|21180,00|2.50|92,00|93,80|Delantero |Longitudinal|18,50||Discontinued|Rueda normal|2004-01-01||||,,
3|TOYHIL0012C|Toyota|Hilux|Doble Cab. 2.5 102 Estándar DEE2860 4p|Pick-up|C|Pick-Up Doble Cabina|2002-01-01|2005-10-01|2016-06-23|Cesado|4|5|0|Diesel|2494|102|3600|75|260|1600|3600|4|En línea|4|Turbo|Sí|Sí|Diesel con catalizador de oxidación|150|17,80|0,00|EURO 3|0|12,90|8,60|10,20|Diesel common rail|5|Manual|Independiente|Rígida|Tracción integral seleccionable|Discos ventilados|Tambores|205/70R16H|205/70R16H||66|4915|1700|1780|2860|2515|1715|0|0|0/0|0/0|0/0|755|1405|0||3||||TOYHILPD-497E1|2004|1997||Japan|Standard||||||17651,88|0,00|2867,50|270,00|22940,00|2.50|92,00|93,80|Delantero |Longitudinal|18,50||Discontinued|Rueda normal|2004-01-01||||,,
3|TOYHIL0013C|Toyota|Hilux|Doble Cab. 2.5 102 SR DEE2860 4p|Pick-up|C|Pick-Up Doble Cabina|2002-01-01|2005-10-01|2016-06-23|Cesado|4|5|0|Diesel|2494|102|3600|75|260|1600|3600|4|En línea|4|Turbo|Sí|Sí|Diesel con catalizador de oxidación|150|17,80|0,00|EURO 3|0|12,90|8,60|10,20|Diesel common rail|5|Manual|Independiente|Rígida|Tracción integral seleccionable|Discos ventilados|Tambores|255/70R15H|255/70R15H||66|4915|1790|1785|2860|2515|1715|0|0|0/0|0/0|0/0|755|1405|0||3||||TOYHILPD-497E1|2004|1997||Japan|SR(I)||||||21878,44|0,00|3543,75|270,00|28350,00|2.50|92,00|93,80|Delantero |Longitudinal|18,50||Discontinued|Rueda normal|2004-01-01||||,,
3|VAGEUR0001C|Volkswagen|Eurovan|Kombi8 2.5 TDI 88 BC DEE2920 4p|Furgones|C|Combi|2001-05-01|2003-08-01|2007-11-30|Cesado|4|8|0|Diesel|2461|88|3600|65|195|1900|3600|5|En línea|2|Turbo||Sí|Diesel con catalizador de oxidación|150|21,50|0,36|EURO 3|213|9,90|6,70|7,90|Diesel inyección directa|5|Manual|Independiente|Independiente|Delantera|Discos|Discos|195/65R15S|195/65R15S||80|4789|1840|1940|2920|2700|1647|5400|5400|0/0|0/0|0/0|1053|2485|1415||2||||VAGEURVCA401E1|2003|2001|70X,7D|Deutschland|Standard||||||22172,63|0,00|3547,62||25720,25|2.50|81,00|95,50|Delantero |Transversal|19,50||Discontinued|Rueda normal|2002-11-01||||,,
3|VAGEUR0002C|Volkswagen|Eurovan|Kombi8 2.5 TDI 102 BC DEE2920 4p|Furgones|C|Combi|2001-05-01|2003-08-01|2007-11-30|Cesado|4|8|0|Diesel|2461|102|3500|75|250|1900|3500|5|En línea|2|Turbo|Sí|Sí|Diesel con catalizador de oxidación|157|21,50|0,36|EURO 3|213|9,90|6,70|7,90|Diesel inyección directa|5|Manual|Independiente|Independiente|Delantera|Discos|Discos|205/65R15S|205/65R15S||80|4789|1840|1940|2920|2700|1647|5400|5400|0/0|0/0|0/0|1053|2485|1415||2||||VAGEURVCA401E1|2003|2001|70X,7D|Deutschland|TDI||||||23152,63|0,00|3704,42||26857,05|2.50|81,00|95,50|Delantero |Transversal|19,50||Discontinued|Rueda normal|2002-11-01||||,,
3|VAGEUR0003C|Volkswagen|Eurovan|Kombi8 2.5 TDI 102 BL DEE3320 4p|Furgones|C|Combi|2001-05-01|2003-08-01|2007-11-30|Cesado|4|8|0|Diesel|2461|102|3500|75|250|1900|3500|5|En línea|2|Turbo|Sí|Sí|Diesel con catalizador de oxidación|157|18,10|0,36|EURO 3|0|0,00|0,00|0,00|Diesel inyección directa|5|Manual|Independiente|Independiente|Delantera|Discos|Discos|205/65R15S|205/65R15S||80|4789|1840|1940|3320|2700|1665|6300|6300|0/0|0/0|0/0|1035|2885|1415||2||||VAGEURVCA401E1|2003|2001|70X,7D|Deutschland|TDI||||||23902,63|0,00|3824,42||27727,05|2.50|81,00|95,50|Delantero |Transversal|19,50||Discontinued|Rueda normal|2002-11-01||||,,
3|VAGEUR0004C|Volkswagen|Eurovan|Kombi8 2.5 TDI 102 BC SYNCRO DEE2920 4p|Furgones|C|Combi|2001-05-01|2003-08-01|2007-11-30|Cesado|4|8|0|Diesel|2461|102|3500|75|250|1900|3500|5|En línea|2|Turbo|Sí|Sí|Diesel con catalizador de oxidación|157|21,50|0,36|EURO 3|213|9,90|6,70|7,90|Diesel inyección directa|5|Manual|Independiente|Independiente|Tracción integral permanente|Discos|Discos|205/65R15S|205/65R15S||80|4789|1840|1940|2920|2700|1647|5400|5400|0/0|0/0|0/0|1053|2485|1415||2||||VAGEURVCA401E1|2003|2001|70X,7D|Deutschland|Syncro||||||27242,63|0,00|4358,82||31601,45|2.50|81,00|95,50|Delantero |Transversal|19,50||Discontinued|Rueda normal|2002-11-01||||,,
3|VAGEUR0005C|Volkswagen|Eurovan|Kombi8 2.5 TDI 102 BC DEE2920 4p Aut.|Furgones|C|Combi|2001-05-01|2003-08-01|2007-11-30|Cesado|4|8|0|Diesel|2461|102|3500|75|250|1900|3500|5|En línea|2|Turbo|Sí|Sí|Diesel con catalizador de oxidación|157|19,50|0,36|EURO 3|230|11,00|7,20|8,50|Diesel inyección directa|4|Automatica|Independiente|Independiente|Delantera|Discos|Discos|205/65R15S|205/65R15S||80|4789|1840|1940|2920|2700|1647|5400|5400|0/0|0/0|0/0|1053|2485|1415||2||||VAGEURVCA401E1|2003|2001|70X,7D|Deutschland|TDI||||||24952,63|0,00|3992,42||28945,05|2.50|81,00|95,50|Delantero |Transversal|19,50||Discontinued|Rueda normal|2002-11-01||||,,
3|LRVDIS0001C|Land Rover|Discovery|2.5 Td5 138 DEE2540 5p Comercial|Derivados de Turismo|C|Todo Terreno|2001-04-01|2002-07-01|2010-03-26|Cesado|5|5|7|Diesel|2495|138|4200|101|300|1950|4200|5|En línea|2|Turbo|Sí|Sí|Diesel con catalizador de oxidación|157|15,30|0,42|EURO 3|250|11,50|8,20|9,40|Diesel inyección de bomba|5|Manual|Rígida|Rígida|Tracción integral permanente|Discos ventilados|Discos|235/70R16S|235/70R16S||93|4705|1885|1940|2540|2880|2150|422|1993|1031/1043|1395/1390|963/842|730|1434|1166||3||||LRVDISUF-598E1|2002|1998|LT|United Kingdom|Standard||||||23978,86|0,00|3910,18|459,77|28348,81|2.50|84,50|89,00|Delantero |Longitudinal|19,50||Discontinued|Rueda normal|2002-05-01||||,,
3|OPECOM0011C|Opel|Combo|Cargo 1.7 DI 65 3p|Furgón Pequeño|C|Furgón Pequeño|2001-10-01|2004-09-01|2010-09-08|Cesado|3|2|0|Diesel|1686|65|4400|48|130|2000|4400|4|En línea|4|Turbo||Sí|Diesel con catalizador de oxidación|147|18,50|0,34|EURO 3|146|6,60|4,70|5,40|Diesel|5|Manual|Independiente|Rígida|Delantera|Discos|Tambores|175/65R14T|175/65R14T||52|4322|1684|1801|2716|1780|1260|2390|2765|0/0|0/1300|0/0|520|2700|1190||2||||OPECOMEVL301E1|2004|2001||Deutschland|Standard||||||12418,04|0,00|2021,52|216,44|14656,00|1.70|79,00|86,00|Delantero |Transversal|18,40||Discontinued|Rueda normal|2004-07-15||||,,
3|OPECOM0012C|Opel|Combo|Cargo 1.7 DTi 75 3p|Furgón Pequeño|C|Furgón Pequeño|2001-10-01|2004-09-01|2008-05-23|Cesado|3|2|0|Diesel|1686|75|4400|55|165|1800|4400|4|En línea|4|Turbo|Sí|Sí|Diesel con catalizador de oxidación|155|15,50|0,34|EURO 3|146|6,60|4,70|5,40|Diesel|5|Manual|Independiente|Rígida|Delantera|Discos|Tambores|175/65R14T|175/65R14T||52|4322|1684|1801|2716|1780|1260|2390|2765|0/0|0/1300|0/0|520|2700|1190||2||||OPECOMEVL301E1|2004|2001||Deutschland|Standard||||||12905,97|0,00|2099,59|216,44|15222,00|1.70|79,00|86,00|Delantero |Transversal|18,40||Discontinued|Rueda normal|2004-07-15||||,,
3|OPECOM0013C|Opel|Combo|Cargo 1.6 87 3p|Furgón Pequeño|C|Furgón Pequeño|2001-10-01|2004-09-01|2010-10-15|Cesado|3|2|0|Gasolina|1598|87|5400|64|138|3000|5400|4|En línea|2|||Sí|Catalizador regulado|164|14,00|0,34|EURO 4|177|9,80|6,00|7,40|Inyección multipunto|5|Manual|Independiente|Rígida|Delantera|Discos|Tambores|175/65R14T|175/65R14T||52|4322|1684|1801|2716|1730|1210|2390|2765|0/0|0/1300|0/0|520|2700|1190||2||||OPECOMEVL301E1|2004|2001||Deutschland|Standard||||||11694,77|0,00|1905,79|216,44|13817,00|1.60|79,00|81,50|Delantero |Transversal|9,60||Discontinued|Rueda normal|2004-07-15||||,,
3|OPECOM0101C|Opel|Combo|Tour 1.7 DI 65 4p|Furgón Pequeño|C|Combi Pequeño|2002-02-01|2004-09-01|2008-05-23|Cesado|4|5|0|Diesel|1686|65|4400|48|130|2000|4400|4|En línea|4|Turbo||Sí|Diesel con catalizador de oxidación|147|18,50|0,34|EURO 3|146|6,60|4,70|5,40|Diesel|5|Manual|Independiente|Rígida|Delantera|Discos|Tambores|175/70R14T|175/70R14T||52|4322|1684|1801|2716|1795|1305|455|2320|0/0|0/1300|0/0|490|1664|1190||2||||OPECOMEVL401E1|2004|2001||Deutschland|Standard||||||13124,08|0,00|2134,48|216,44|15475,00|1.70|79,00|86,00|Delantero |Transversal|18,40||Discontinued|Rueda normal|2004-07-15||||,,
3|OPECOM0102C|Opel|Combo|Tour 1.7 DTi 75 4p|Furgón Pequeño|C|Combi Pequeño|2002-02-01|2004-09-01|2008-05-23|Cesado|4|5|0|Diesel|1686|75|4400|55|165|1800|4400|4|En línea|4|Turbo|Sí|Sí|Diesel con catalizador de oxidación|155|15,50|0,34|EURO 3|146|6,60|4,70|5,40|Diesel|5|Manual|Independiente|Rígida|Delantera|Discos|Tambores|175/70R14T|175/70R14T||52|4322|1684|1801|2716|1795|1305|455|2320|0/0|0/1300|0/0|490|1664|1190||2||||OPECOMEVL401E1|2004|2001||Deutschland|Standard||||||13620,63|0,00|2213,93|216,44|16051,00|1.70|79,00|86,00|Delantero |Transversal|18,40||Discontinued|Rueda normal|2004-07-15||||,,
3|OPECOM0103C|Opel|Combo|Tour 1.6 87 4p|Furgón Pequeño|C|Combi Pequeño|2002-02-01|2004-09-01|2010-10-15|Cesado|4|5|0|Gasolina|1598|87|5400|64|138|3000|5400|4|En línea|2|||Sí|Catalizador regulado|164|14,00|0,34|EURO 4|177|9,80|6,00|7,40|Inyección multipunto|5|Manual|Independiente|Rígida|Delantera|Discos|Tambores|175/70R14T|175/70R14T||52|4322|1684|1801|2716|1745|1255|455|2320|0/0|0/1300|0/0|490|1664|1190||2||||OPECOMEVL401E1|2004|2001||Deutschland|Standard||||||12400,80|0,00|2018,76|216,44|14636,00|1.60|79,00|81,50|Delantero |Transversal|9,60||Discontinued|Rueda normal|2004-07-15||||,,
3|OPEVIV0001C|Opel|Vivaro|Furgón 2.7T 1.9 CDTi 80 Corto DEE3098 4p|Furgones|C|Furgón|2001-06-01|2003-01-28|2007-11-29|Cesado|4|3|0|Diesel|1870|80|3400|59|190|0|3400|4|En línea|2|Turbo||Sí|Diesel con catalizador de oxidación|131|20,10|0,00|EURO 3|0|7,80|0,00|0,00|Diesel common rail|5|Manual|Independiente|Torsion Beam|Delantera|Discos ventilados|Discos|195/65R16S|195/65R16S||90|4782|1904|1968|3098|2700|1700|4950|4950|0/0|0/1660|0/0|1000|2415|1373||2||||OPEVIVVNA401E1|2002|2001|J7,F7,E7|Deutschland|Standard||||||15611,15|0,00|2532,41|216,44|18360,00|1.90|80,00|93,00|Delantero |Transversal|18,30||Discontinued|Rueda normal|2002-04-02||||
3|OPEVIV0002C|Opel|Vivaro|Furgón 2.9T 1.9 CDTi 80 Corto DEE3098 4p|Furgones|C|Furgón|2001-06-01|2003-01-28|2007-11-29|Cesado|4|3|0|Diesel|1870|80|3400|59|190|0|3400|4|En línea|2|Turbo||Sí|Diesel con catalizador de oxidación|131|20,10|0,00|EURO 3|0|7,80|0,00|0,00|Diesel common rail|5|Manual|Independiente|Torsion Beam|Delantera|Discos ventilados|Discos|205/65R16S|205/65R16S||90|4782|1904|1968|3098|2900|1700|4950|4950|0/0|0/1660|0/0|1200|2415|1373||2||||OPEVIVVNA401E1|2002|2001|J7,F7,E7|Deutschland|Standard||||||15740,46|0,00|2553,10|216,44|18510,00|1.90|80,00|93,00|Delantero |Transversal|18,30||Discontinued|Rueda normal|2002-04-02||||
3|OPEVIV0003C|Opel|Vivaro|Furgón 2.9T 1.9 CDTi 80 Largo DEE3498 4p|Furgones|C|Furgón|2001-06-01|2003-01-28|2007-11-29|Cesado|4|3|0|Diesel|1870|80|3400|59|190|0|3400|4|En línea|2|Turbo||Sí|Diesel con catalizador de oxidación|131|20,10|0,00|EURO 3|0|7,80|0,00|0,00|Diesel common rail|5|Manual|Independiente|Torsion Beam|Delantera|Discos ventilados|Discos|205/65R16S|205/65R16S||90|5182|1904|1981|3498|2900|1700|5900|5900|0/0|0/1660|0/0|1200|2815|1373||2||||OPEVIVVNA401E1|2002|2001|J7,F7,E7|Deutschland|Standard||||||16076,66|0,00|2606,90|216,44|18900,00|1.90|80,00|93,00|Delantero |Transversal|18,30||Discontinued|Rueda normal|2002-04-02||||
3|OPEVIV0004C|Opel|Vivaro|Furgón 2.7T 1.9 DTi 100 Corto 4p|Furgones|C|Furgón|2001-06-01|2006-11-01|2007-11-29|Cesado|4|3|0|Diesel|1870|100|3500|74|240|2000|3500|4|En línea|2|Turbo|Sí|Sí|Diesel con catalizador de oxidación|155|17,30|0,00|EURO 3|210|9,60|6,90|7,90|Diesel common rail|6|Manual|Independiente|Torsion Beam|Delantera|Discos ventilados|Discos|195/65R16S|195/65R16S||90|4782|1904|1959|3098|2700|1677|5000|5000|0/0|0/1660|0/0|1023|2400|1387||2||||OPEVIVVNA401E1|2006|2001|J7,F7,E7|Deutschland|Standard||||||19292,18|0,00|3121,38|216,44|22630,00|1.90|80,00|93,00|Delantero |Transversal|19,10||Discontinued|Rueda normal|2005-12-01||||
3|OPEVIV0005C|Opel|Vivaro|Furgón 2.9T 1.9 DTi 100 Corto 4p|Furgones|C|Furgón|2001-06-01|2006-11-01|2007-11-29|Cesado|4|3|0|Diesel|1870|100|3500|74|240|2000|3500|4|En línea|2|Turbo|Sí|Sí|Diesel con catalizador de oxidación|155|17,30|0,00|EURO 3|210|9,60|6,90|7,90|Diesel common rail|6|Manual|Independiente|Torsion Beam|Delantera|Discos ventilados|Discos|205/65R16S|205/65R16S||90|4782|1904|1965|3098|2900|1684|5000|5000|0/0|0/1660|0/0|1216|2400|1387||2||||OPEVIVVNA401E1|2006|2001|J7,F7,E7|Deutschland|Standard||||||19421,49|0,00|3142,07|216,44|22780,00|1.90|80,00|93,00|Delantero |Transversal|19,10||Discontinued|Rueda normal|2005-12-01||||
3|OPEVIV0006C|Opel|Vivaro|Furgón 2.94T 1.9 DTi 100 Largo 4p|Furgones|C|Furgón|2001-06-01|2006-11-01|2007-11-29|Cesado|4|3|0|Diesel|1870|100|3500|74|240|2000|3500|4|En línea|2|Turbo|Sí|Sí|Diesel con catalizador de oxidación|155|17,30|0,00|EURO 3|210|9,60|6,90|7,90|Diesel common rail|6|Manual|Independiente|Torsion Beam|Delantera|Discos ventilados|Discos|205/65R16S|205/65R16S||90|5182|1904|1965|3498|2940|1728|5900|5900|0/0|0/1660|0/0|1212|2800|1387||2||||OPEVIVVNA401E1|2006|2001|J7,F7,E7|Deutschland|Standard||||||19774,94|0,00|3198,62|216,44|23190,00|1.90|80,00|93,00|Delantero |Transversal|19,10||Discontinued|Rueda normal|2005-12-01||||
3|OPEVIV0007C|Opel|Vivaro|Combi9 2.7T 1.9 CDTi 80 Corto DEE3098 4p|Furgones|C|Combi|2001-06-01|2003-01-28|2007-11-29|Cesado|4|9|8|Diesel|1870|80|3400|59|190|0|3400|4|En línea|2|Turbo||Sí|Diesel con catalizador de oxidación|131|20,10|0,00|EURO 3|0|7,80|0,00|0,00|Diesel common rail|5|Manual|Independiente|Torsion Beam|Delantera|Discos ventilados|Discos|195/65R16S|195/65R16S||90|4782|1904|1968|3098|2700|1700|3092|3092|0/0|0/1660|0/0|1000|2415|1373||2||||OPEVIVVCA401E1|2002|2001|J7,F7,E7|Deutschland|Standard||||||16981,84|0,00|2751,72|216,44|19950,00|1.90|80,00|93,00|Delantero |Transversal|18,30||Discontinued|Rueda normal|2002-04-02||||
3|OPEVIV0008C|Opel|Vivaro|Combi9 2.9T 1.9 CDTi 80 Corto DEE3098 4p|Furgones|C|Combi|2001-06-01|2003-01-28|2007-11-29|Cesado|4|9|8|Diesel|1870|80|3400|59|190|0|3400|4|En línea|2|Turbo||Sí|Diesel con catalizador de oxidación|131|20,10|0,00|EURO 3|0|7,80|0,00|0,00|Diesel common rail|5|Manual|Independiente|Torsion Beam|Delantera|Discos ventilados|Discos|205/65R16S|205/65R16S||90|4782|1904|1968|3098|2900|1700|0|0|0/0|0/1660|0/0|1200|2415|1373||2||||OPEVIVVCA401E1|2002|2001|J7,F7,E7|Deutschland|Standard||||||17111,15|0,00|2772,41|216,44|20100,00|1.90|80,00|93,00|Delantero |Transversal|18,30||Discontinued|Rueda normal|2002-04-02||||
3|OPEVIV0009C|Opel|Vivaro|Combi9 2.7T 1.9 CDTi 80 Largo DEE3498 4p|Furgones|C|Combi|2001-06-01|2003-01-28|2007-11-29|Cesado|4|9|8|Diesel|1870|80|3400|59|190|0|3400|4|En línea|2|Turbo||Sí|Diesel con catalizador de oxidación|131|20,10|0,00|EURO 3|0|7,80|0,00|0,00|Diesel common rail|5|Manual|Independiente|Torsion Beam|Delantera|Discos ventilados|Discos|205/65R16S|205/65R16S||90|5182|1904|1968|3498|2700|1700|0|0|0/0|0/1660|0/0|1000|2815|1373||2||||OPEVIVVCA401E1|2002|2001|J7,F7,E7|Deutschland|Standard||||||17447,35|0,00|2826,21|216,44|20490,00|1.90|80,00|93,00|Delantero |Transversal|18,30||Discontinued|Rueda normal|2002-04-02||||
3|OPEVIV0010C|Opel|Vivaro|Combi9 2.76T 1.9 DTi 100 Corto 4p|Furgones|C|Combi|2001-06-01|2006-11-01|2007-11-29|Cesado|4|9|8|Diesel|1870|100|3500|74|240|2000|3500|4|En línea|2|Turbo|Sí|Sí|Diesel con catalizador de oxidación|155|17,30|0,00|EURO 3|210|9,60|6,90|7,90|Diesel common rail|6|Manual|Independiente|Torsion Beam|Delantera|Discos ventilados|Discos|195/65R16S|195/65R16S||90|4782|1904|1968|3098|2760|1785|5000|5000|0/0|0/1660|0/0|915|2400|1387||2||||OPEVIVVCA401E1|2006|2001|J7,F7,E7|Deutschland|Standard||||||20705,97|0,00|3347,59|216,44|24270,00|1.90|80,00|93,00|Delantero |Transversal|19,10||Discontinued|Rueda normal|2005-12-01||||
3|OPEVIV0011C|Opel|Vivaro|Combi9 2.9T 1.9 DTi 100 Corto 4p|Furgones|C|Combi|2001-06-01|2006-11-01|2007-11-29|Cesado|4|9|8|Diesel|1870|100|3500|74|240|2000|3500|4|En línea|2|Turbo|Sí|Sí|Diesel con catalizador de oxidación|155|17,30|0,00|EURO 3|210|9,60|6,90|7,90|Diesel common rail|6|Manual|Independiente|Torsion Beam|Delantera|Discos ventilados|Discos|205/65R16S|205/65R16S||90|4782|1904|1981|3098|2900|1852|5000|5000|0/0|0/1660|0/0|1048|2400|1387||2||||OPEVIVVCA401E1|2006|2001|J7,F7,E7|Deutschland|Standard||||||20835,28|0,00|3368,28|216,44|24420,00|1.90|80,00|93,00|Delantero |Transversal|19,10||Discontinued|Rueda normal|2005-12-01||||
3|OPEVIV0012C|Opel|Vivaro|Combi9 2.96T 1.9 DTi 100 Largo 4p|Furgones|C|Combi|2001-06-01|2006-11-01|2007-11-29|Cesado|4|9|8|Diesel|1870|100|3500|74|240|2000|3500|4|En línea|2|Turbo|Sí|Sí|Diesel con catalizador de oxidación|155|17,30|0,00|EURO 3|210|9,60|6,90|7,90|Diesel common rail|6|Manual|Independiente|Torsion Beam|Delantera|Discos ventilados|Discos|205/65R16S|205/65R16S||90|5182|1904|1981|3498|2960|1900|5900|5900|0/0|0/1660|0/0|1060|2800|1387||2||||OPEVIVVCA401E1|2006|2001|J7,F7,E7|Deutschland|Standard||||||21188,73|0,00|3424,83|216,44|24830,00|1.90|80,00|93,00|Delantero |Transversal|19,10||Discontinued|Rueda normal|2005-12-01||||
3|OPEVIV0013C|Opel|Vivaro|Combi6 2.7T 1.9 CDTi 80 Corto DEE3098 4p|Furgones|C|Combi|2002-04-02|2003-01-28|2007-11-29|Cesado|4|6|0|Diesel|1870|80|3400|59|190|0|3400|4|En línea|2|Turbo||Sí|Diesel con catalizador de oxidación|131|20,10|0,00|EURO 3|0|7,80|0,00|0,00|Diesel common rail|5|Manual|Independiente|Torsion Beam|Delantera|Discos ventilados|Discos|195/65R16S|195/65R16S||90|4782|1904|1968|3098|2700|1700|0|0|0/0|0/1660|0/0|1000|2415|1373||2||||OPEVIVVCA401E1|2002|2001|J7,F7,E7|Deutschland|Standard||||||16412,01|0,00|2660,55|216,44|19289,00|1.90|80,00|93,00|Delantero |Transversal|18,30||Discontinued|Rueda normal|2002-04-02||||
3|OPEVIV0014C|Opel|Vivaro|Combi6 2.9T 1.9 CDTi 80 Corto DEE3098 4p|Furgones|C|Combi|2002-04-02|2003-01-28|2007-11-29|Cesado|4|6|0|Diesel|1870|80|3400|59|190|0|3400|4|En línea|2|Turbo||Sí|Diesel con catalizador de oxidación|131|20,10|0,00|EURO 3|0|7,80|0,00|0,00|Diesel common rail|5|Manual|Independiente|Torsion Beam|Delantera|Discos ventilados|Discos|205/65R16S|205/65R16S||90|4782|1904|1968|3098|2900|1700|0|0|0/0|0/1660|0/0|1200|2415|1373||2||||OPEVIVVCA401E1|2002|2001|J7,F7,E7|Deutschland|Standard||||||16541,32|0,00|2681,24|216,44|19439,00|1.90|80,00|93,00|Delantero |Transversal|18,30||Discontinued|Rueda normal|2002-04-02||||
3|OPEVIV0015C|Opel|Vivaro|Combi6 2.76T 1.9DTi 100 Corto 4p|Furgones|C|Combi|2002-04-02|2006-11-01|2007-11-29|Cesado|4|6|0|Diesel|1870|100|3500|74|240|2000|3500|4|En línea|2|Turbo|Sí|Sí|Diesel con catalizador de oxidación|155|17,30|0,00|EURO 3|210|9,60|6,90|7,90|Diesel common rail|6|Manual|Independiente|Torsion Beam|Delantera|Discos ventilados|Discos|195/65R16S|195/65R16S||90|4782|1904|1968|3098|2760|1781|5000|5000|0/0|0/1660|0/0|979|2400|1387||2||||OPEVIVVCA401E1|2006|2001|J7,F7,E7|Deutschland|Standard||||||20283,56|0,00|3280,00|216,44|23780,00|1.90|80,00|93,00|Delantero |Transversal|19,10||Discontinued|Rueda normal|2005-12-01||||
3|OPEVIV0016C|Opel|Vivaro|Combi6 2.9T 1.9 DTi 100 Corto 4p|Furgones|C|Combi|2002-04-02|2006-11-01|2007-11-29|Cesado|4|6|0|Diesel|1870|100|3500|74|240|2000|3500|4|En línea|2|Turbo|Sí|Sí|Diesel con catalizador de oxidación|155|17,30|0,00|EURO 3|210|9,60|6,90|7,90|Diesel common rail|6|Manual|Independiente|Torsion Beam|Delantera|Discos ventilados|Discos|205/65R16S|205/65R16S||90|4782|1904|1968|3098|2900|1789|5000|5000|0/0|0/1660|0/0|1111|2400|1387||2||||OPEVIVVCA401E1|2006|2001|J7,F7,E7|Deutschland|Standard||||||20412,87|0,00|3300,69|216,44|23930,00|1.90|80,00|93,00|Delantero |Transversal|19,10||Discontinued|Rueda normal|2005-12-01||||
3|OPECOR0002C|Opel|Corsa|Van 1.7 DI 65 3p|Derivados de Turismo|C|Hatchback|2001-08-22|2003-09-01|2007-11-29|Cesado|3|2|0|Diesel|1686|65|4400|48|130|2000|4400|4|En línea|2|||Sí|Diesel con catalizador de oxidación|162|14,50|0,35|EURO 3|127|5,80|4,10|4,70|Diesel inyección directa|5|Manual|Independiente|Torsion Beam|Delantera|Discos|Tambores|145/80R13T|145/80R13T||44|3817|1646|1440|2491|1390|920|1170|1170|0/0|0/0|0/0|395|0|0||2||||OPECORHB-300E1|2003|2000|F08|Deutschland|Standard||||||9731,84|0,00|1591,72|216,44|11540,00|1.70|79,00|86,00|Delantero |Transversal|18,40||Discontinued|Rueda normal|2003-07-01||||,,
3|PIAPOR0040C|Piaggio|Porter|Combi4 1.3 16v 65 5p|Furgones|C|Combi|2001-01-22|2003-12-31|2010-10-14|Cesado|5|5|0|Gasolina|1296|65|4800|48|98|2800|4800|4|En línea|4|||Sí|Catalizador regulado|130|0,00|0,00|EURO 3|0|7,80|7,00|7,30|Inyección multipunto|5|Manual|Independiente|Rígida|Trasera|Discos|Tambores|15512|15512|No|35|3370|1395|1870|1810|1550|990|1400|3000|0/0|0/0|0/0|560|1900|1335||1||||PIAPORVCA597E1|2003|1997||Italia|Standard||||||8940,34|0,00|1486,45|350,00|10776,80|1.30|76,00|71,40|Delantero |Longitudinal|0,00|5|Discontinued|Rueda normal|2003-04-07||||,,
3|PIAPOR0041C|Piaggio|Porter|Combi6 1.3 16v 65 5p|Furgones|C|Combi|2001-01-22|2003-12-31|2010-10-14|Cesado|5|5|0|Gasolina|1296|65|4800|48|98|2800|4800|4|En línea|4|||Sí|Catalizador regulado|130|0,00|0,00|EURO 3|0|7,80|7,00|7,30|Inyección multipunto|5|Manual|Independiente|Rígida|Trasera|Discos|Tambores|15512|15512|No|35|3370|1395|1870|1810|1550|990|1400|3000|0/0|0/0|0/0|560|1900|1335||1||||PIAPORVCA597E1|2003|1997||Italia|Standard||||||9692,41|0,00|1606,79|350,00|11649,20|1.30|76,00|71,40|Delantero |Longitudinal|0,00|5|Discontinued|Rueda normal|2003-04-07||||,,
3|PIAPOR0042C|Piaggio|Porter|Combi 4 1.4D 38 5p|Furgones|C|Combi|2001-01-22|2003-12-31|2010-10-18|Cesado|5|5|0|Diesel|1371|38|4300|28|76|2600|4300|4|En línea|2|||Sí|Diesel con catalizador de oxidación|110|0,00|0,00||0|6,80|5,60|6,00|Diesel|5|Manual|Independiente|Rígida|Trasera|Discos|Tambores|15512|15512|No|35|3370|1395|1870|1810|1550|985|1400|3000|0/0|0/0|0/0|565|1900|1335||1||||PIAPORVCA597E1|2003|1997||Italia|Standard||||||9642,35|0,00|1598,78|350,00|11591,13|1.40|75,00|77,60|Delantero |Longitudinal|23,00|5|Discontinued|Rueda normal|2003-04-07||||,,
3|PIAPOR0043C|Piaggio|Porter|Combi 6 1.4D 38 5p|Furgones|C|Combi|2001-01-22|2003-12-31|2010-10-18|Cesado|5|7|0|Diesel|1371|38|4300|28|76|2600|4300|4|En línea|2|||Sí|Diesel con catalizador de oxidación|110|0,00|0,00||0|6,80|5,60|6,00|Diesel|5|Manual|Independiente|Rígida|Trasera|Discos|Tambores|15512|15512|No|35|3370|1395|1870|1810|1550|985|1400|3000|0/0|0/0|0/0|565|1900|1335||1||||PIAPORVCA597E1|2003|1997||Italia|Standard||||||10365,81|0,00|1714,53|350,00|12430,34|1.40|75,00|77,60|Delantero |Longitudinal|23,00|5|Discontinued|Rueda normal|2003-04-07||||,,
3|LRVDIS0002C|Land Rover|Discovery|2.5 Td5 138 E 5p Comercial MY04|Derivados de Turismo|C|Todo Terreno|2002-05-01|2005-06-01|2010-03-26|Cesado|5|5|7|Diesel|2495|138|4200|101|300|1950|4200|5|En línea|2|Turbo|Sí|Sí|Diesel con catalizador de oxidación|157|15,30|0,42|EURO 3|250|11,50|8,20|9,40|Diesel inyección de bomba|5|Manual|Rígida|Rígida|Tracción integral permanente|Discos ventilados|Discos|235/75R16S|235/75R16S||93|4705|1885|1940|2540|2880|2150|422|1993|1031/1043|1395/1390|963/842|730|1434|1166||3||||LRVDISUF-598E1|2004|1998|LT|United Kingdom|E||||||23666,36|0,00|3860,18|459,77|27986,31|2.50|84,50|89,00|Delantero |Longitudinal|19,50||Discontinued|Rueda normal|2004-01-01||||,,
3|LRVDIS0003C|Land Rover|Discovery|2.5 Td5 138 S 5p Comercial MY04|Derivados de Turismo|C|Todo Terreno|2002-05-01|2005-06-01|2010-03-26|Cesado|5|5|7|Diesel|2495|138|4200|101|300|1950|4200|5|En línea|2|Turbo|Sí|Sí|Diesel con catalizador de oxidación|157|15,30|0,42|EURO 3|250|11,50|8,20|9,40|Diesel inyección de bomba|5|Manual|Rígida|Rígida|Tracción integral permanente|Discos ventilados|Discos|235/75R16S|235/75R16S||93|4705|1885|1940|2540|2880|2150|422|1993|1031/1043|1395/1390|963/842|730|1434|1166||3||||LRVDISUF-598E1|2004|1998|LT|United Kingdom|S(I)||||||26869,49|0,00|4372,68|459,77|31701,94|2.50|84,50|89,00|Delantero |Longitudinal|19,50||Discontinued|Rueda normal|2004-01-01||||,,
3|LRVDIS0004C|Land Rover|Discovery|2.5 Td5 138 E 5p Aut. Comercial MY03|Derivados de Turismo|C|Todo Terreno|2002-05-01|2005-06-01|2010-03-26|Cesado|5|5|7|Diesel|2495|138|4200|101|300|1950|4200|5|En línea|2|Turbo|Sí|Sí|Diesel con catalizador de oxidación|170|12,80|0,42|EURO 3|397|22,90|13,10|16,70|Diesel inyección de bomba|4|Automatica|Rígida|Rígida|Tracción integral permanente|Discos ventilados|Discos|235/75R16S|235/75R16S||93|4705|1885|1940|2540|2880|2150|422|1993|1031/1043|1395/1390|963/842|730|1434|1166||3||||LRVDISUF-598E1|2004|1998|LT|United Kingdom|E||||||25614,64|0,00|4171,91|459,77|30246,31|2.50|84,50|89,00|Delantero |Longitudinal|19,50||Discontinued|Rueda normal|2004-01-01||||,,
3|LRVDIS0005C|Land Rover|Discovery|2.5 Td5 138 S 5p Aut. Comercial MY03|Derivados de Turismo|C|Todo Terreno|2002-05-01|2005-06-01|2010-03-26|Cesado|5|5|7|Diesel|2495|138|4200|101|300|1950|4200|5|En línea|2|Turbo|Sí|Sí|Diesel con catalizador de oxidación|170|12,80|0,42|EURO 3|397|22,90|13,10|16,70|Diesel inyección de bomba|4|Automatica|Rígida|Rígida|Tracción integral permanente|Discos ventilados|Discos|235/75R16S|235/75R16S||93|4705|1885|1940|2540|2880|2150|422|1993|1031/1043|1395/1390|963/842|730|1434|1166||3||||LRVDISUF-598E1|2004|1998|LT|United Kingdom|S(I)||||||28817,76|0,00|4684,40|459,77|33961,94|2.50|84,50|89,00|Delantero |Longitudinal|19,50||Discontinued|Rueda normal|2004-01-01||||,,
3|VAGEUR0031C|Volkswagen|Eurovan|Kombi8 2.5 TDI 102 BL TA DEE3320 4p|Furgones|C|Combi|2002-01-09|2003-08-01|2007-11-30|Cesado|4|8|0|Diesel|2461|102|3500|75|250|1900|3500|5|En línea|2|Turbo||Sí|Diesel con catalizador de oxidación|150|19,30|0,36||0|0,00|0,00|0,00|Diesel inyección directa|5|Manual|Independiente|Independiente|Delantera|Discos|Discos|205/65R15S|205/65R15S||80|4789|1840|1940|3320|2730|1660|6300|7800|0/0|0/0|0/0|1070|2885|1415||2||||VAGEURVCA401E1|2002|2001|70X,7D|Deutschland|TDI||||||24522,63|0,00|3923,62||28446,25|2.50|81,00|95,50|Delantero |Transversal|19,50||Discontinued|Rueda normal|2002-01-09||||,,
3|NISVAN0101C|Nissan|Vanette|Furgón 2.0T 1.6 97 DEE2895 5p|Furgones|C|Furgón|2002-01-01|2003-01-01|2010-10-14|Cesado|5|2|0|Gasolina|1597|97|5600|71|131|3600|5600|4|En línea|4|||Sí|Catalizador regulado|150|0,00|0,00||0|0,00|0,00|0,00|Inyección multipunto|5|Manual|Independiente|Rígida|Trasera|Discos ventilados|Tambores|185/75R14R|185/75R14R||60|4500|1695|1980|2895|1995|1350|4800|4800|0/0|0/0|0/0|645|2300|1400||3||||NISVANVNA599E1|2002|1999|S21|Japan|Standard||||||10833,23|0,00|1786,21|330,56|12950,00|1.60|76,00|88,00|Central|Longitudinal|9,50||Discontinued|Rueda normal|2002-01-01||||,,
3|NISVAN0102C|Nissan|Vanette|Combi5 2.0T 1.6 97 DEE2895 5p|Furgones|C|Combi|2002-01-01|2003-01-01|2010-10-14|Cesado|5|5|0|Gasolina|1597|97|5600|71|131|3600|5600|4|En línea|4|||Sí|Catalizador regulado|150|0,00|0,00||0|0,00|0,00|0,00|Inyección multipunto|5|Manual|Independiente|Rígida|Trasera|Discos ventilados|Tambores|185/75R14R|185/75R14R||60|4500|1695|1980|2895|1995|1415|2200|2200|905/1045|0/1485|0/0|580|1900|1380||3||||NISVANVCA599E1|2002|1999|S21|Japan|Standard||||||12077,20|0,00|1985,24|330,56|14393,00|1.60|76,00|88,00|Central|Longitudinal|9,50||Discontinued|Rueda normal|2002-01-01||||,,
3|NISVAN0103C|Nissan|Vanette|Furgón 2.5T 2.3D 75 DEE2895 5p|Furgones|C|Furgón|2002-01-01|2003-01-01|2007-11-28|Cesado|5|2|0|Diesel|2283|75|4200|55|145|2300|4200|4|En línea|2|||Sí|Diesel con catalizador de oxidación|135|0,00|0,00||0|0,00|0,00|0,00|Diesel|5|Manual|Independiente|Rígida|Trasera|Discos ventilados|Tambores|185/75R14R|185/75R14R||60|4500|1695|1980|2895|2505|1445|4800|4800|0/0|0/0|0/0|1060|2300|1400||3||||NISVANVNA599E1|2002|1999|S21|Japan|Standard||||||12546,16|0,00|2060,28|330,56|14937,00|2.30|87,00|96,00|Central|Longitudinal|22,20||Discontinued|Rueda normal|2002-01-01||||,,
3|SANANI0001C|Santana|Anibal|Wagon 2.8 125 Lujo 5p|Furgones|C|Todo Terreno|2002-10-01|2007-03-01|2007-11-28|Cesado|5|5|9|Diesel|2800|125|3600|92|290|0|3600|4|En línea|2|Turbo|Sí|Sí|Diesel con catalizador de oxidación|140|0,00|0,34|EURO 3|0|0,00|0,00|9,00|Diesel common rail|5|Manual|Rígida|Rígida|Tracción integral seleccionable|Discos ventilados|Discos|235/85R16R|235/85R16R||100|4675|1750|2000|2786|3050|2050|0|0|0/0|1430/0|0/0|1000|1144|0||1||||SANANIUF-502E1|2005|2002||España|Standard||||||21442,81|0,00|3470,21|246,00|25159,02|2.80|94,40|100,00|Delantero |Longitudinal|18,50||Discontinued|Rueda normal|2005-01-01||||,,
3|IVEDAI1002C|Iveco|Daily|Furgón 29L9 H1 RS DEE3000 4p 7,3m3|Furgones|C|Furgón|2000-01-01|2002-02-01|2010-10-19|Cesado|4|2|0|Diesel|2798|85|3800|63|179|0|3800|4|En línea|2|||Sí|Diesel con catalizador de oxidación|128|0,00|0,34||0|0,00|0,00|0,00|Diesel inyección directa|5|Manual|Independiente|Rígida|Trasera|Discos|Discos|205/70R15R|205/70R15R||70|5077|1996|2260|3000|3200|1970|7300|7300|0/0|0/0|0/0|1230|2600|1545||1||||IVEDAIVNA400E1|2001|2000||Italia|Standard||||||15268,10|0,00|2506,90|400,00|18175,00|2.80|94,40|100,00|Delantero |Longitudinal|21,70||Discontinued|Rueda normal|2001-04-01||||,
3|IVEDAI1006C|Iveco|Daily|Furgón 29L9 H1 RS DEE3000 4p 8,3m3|Furgones|C|Furgón|2000-01-01|2002-02-01|2010-10-19|Cesado|4|2|0|Diesel|2798|85|3800|63|179|0|3800|4|En línea|2|||Sí|Diesel con catalizador de oxidación|128|0,00|0,34||0|0,00|0,00|0,00|Diesel inyección directa|5|Manual|Independiente|Rígida|Trasera|Discos|Discos|205/70R15R|205/70R15R||70|5077|1996|2645|3000|3200|2005|9000|9000|0/0|0/0|0/0|1195|2600|1900||1||||IVEDAIVNA400E1|2001|2000||Italia|Standard||||||15749,20|0,00|2583,87|400,00|18733,00|2.80|94,40|100,00|Delantero |Longitudinal|21,70||Discontinued|Rueda normal|2001-04-01||||,
3|IVEDAI1012C|Iveco|Daily|Furgón 29L 2.8D 105 RS 1900 DEE3000 4p 7,3m3|Furgones|C|Furgón|2000-01-01|2002-02-01|2010-10-19|Cesado|4|2|0|Diesel|2800|105|3600|77|250|0|3600|4|En línea|2|Turbo|Sí|Sí|Diesel con catalizador de oxidación|140|0,00|0,34||0|0,00|0,00|0,00|Diesel inyección directa|5|Manual|Independiente|Rígida|Trasera|Discos|Discos|205/70R15R|205/70R15R||70|5077|1996|2260|3000|3200|1980|7300|7300|0/0|0/0|0/0|1220|2600|1545||1||||IVEDAIVNA400E1|2001|2000||Italia|Standard||||||15929,50|0,00|2612,72|400,00|18942,22|2.80|94,40|100,00|Delantero |Longitudinal|18,50||Discontinued|Rueda normal|2001-04-01||||,
3|IVEDAI1015C|Iveco|Daily|Furgón 29L 2.8D 105 RS 1900 DEE3000 4p 8,3m3|Furgones|C|Furgón|2000-01-01|2002-02-01|2010-10-19|Cesado|4|2|0|Diesel|2800|105|3600|77|250|0|3600|4|En línea|2|Turbo|Sí|Sí|Diesel con catalizador de oxidación|140|0,00|0,34||0|0,00|0,00|0,00|Diesel inyección directa|5|Manual|Independiente|Rígida|Trasera|Discos|Discos|205/70R15R|205/70R15R||70|5477|1996|2260|3000|3200|2020|8300|8300|0/0|0/0|0/0|1180|3000|1545||1||||IVEDAIVNA400E1|2001|2000||Italia|Standard||||||16410,31|0,00|2689,65|400,00|19499,96|2.80|94,40|100,00|Delantero |Longitudinal|18,50||Discontinued|Rueda normal|2001-04-01||||,
3|IVEDAI1022C|Iveco|Daily|Furgón 35S9 H1 RS DEE3000 4p 7,3m3|Furgones|C|Furgón|2000-01-01|2002-02-01|2010-10-19|Cesado|4|2|0|Diesel|2798|85|3800|63|179|0|3800|4|En línea|2|||Sí|Diesel con catalizador de oxidación|130|0,00|0,34||0|0,00|0,00|0,00|Diesel inyección directa|5|Manual|Independiente|Rígida|Trasera|Discos|Discos|225/70R15R|225/70R15R||70|5077|1996|2270|3000|3500|1975|7300|7300|0/0|0/0|0/0|1525|2600|1545||1||||IVEDAIVNA400E1|2001|2000||Italia|Standard||||||17119,83|0,00|2803,17|400,00|20323,00|2.80|94,40|100,00|Delantero |Longitudinal|21,70||Discontinued|Rueda normal|2001-04-01||||,
3|IVEDAI1032C|Iveco|Daily|Furgón 35S 2.8D 105 RS 1900 DEE3000 4p 7,3m3|Furgones|C|Furgón|2000-01-01|2002-02-01|2010-10-19|Cesado|4|2|0|Diesel|2800|105|3600|77|250|0|3600|4|En línea|2|Turbo|Sí|Sí|Diesel con catalizador de oxidación|136|0,00|0,34||0|0,00|0,00|0,00|Diesel inyección directa|5|Manual|Independiente|Rígida|Trasera|Discos|Discos|225/70R15R|225/70R15R||70|5077|1996|2270|3000|3500|1985|7300|7300|0/0|0/0|0/0|1515|2600|1545||1||||IVEDAIVNA400E1|2001|2000||Italia|Standard||||||17780,62|0,00|2908,90|400,00|21089,51|2.80|94,40|100,00|Delantero |Longitudinal|18,50||Discontinued|Rueda normal|2001-04-01||||,
3|IVEDAI1042C|Iveco|Daily|Furgón 35S13 H1 RS DEE3000 4p 7,3m3|Furgones|C|Furgón|2000-01-01|2002-02-01|2010-10-19|Cesado|4|2|0|Diesel|2800|125|3600|92|290|0|3600|4|En línea|2|Turbo|Sí|Sí|Diesel con catalizador de oxidación|150|0,00|0,34||0|0,00|0,00|0,00|Diesel common rail|6|Manual|Independiente|Rígida|Trasera|Discos|Discos|225/70R15R|225/70R15R||70|5077|1996|2270|3000|3500|2005|7300|7300|0/0|0/0|0/0|1495|2600|1545||1||||IVEDAIVNA400E1|2001|2000||Italia|Standard||||||19583,65|0,00|3197,38|400,00|23181,04|2.80|94,40|100,00|Delantero |Longitudinal|18,50||Discontinued|Rueda normal|2001-04-01||||,
3|IVEDAI1052C|Iveco|Daily|Furgón 35C9 H1 RD DEE3000 4p 7,3m3|Furgones|C|Furgón|2000-01-01|2002-02-01|2010-10-19|Cesado|4|3|0|Diesel|2798|85|3800|63|179|0|3800|4|En línea|2|||Sí|Diesel con catalizador de oxidación|129|0,00|0,34||0|0,00|0,00|0,00|Diesel inyección directa|5|Manual|Independiente|Rígida|Trasera|Discos|Discos|195/65R16R|195/65R16R||70|5077|1996|2325|3000|3500|1290|7300|7300|0/0|0/0|0/0|1400|2600|1545||1||||IVEDAIVNA400E1|2001|2000||Italia|Standard||||||17781,03|0,00|2908,96|400,00|21090,00|2.80|94,40|100,00|Delantero |Longitudinal|21,70||Discontinued|Rueda normal|2001-04-01||||,
3|IVEDAI1062C|Iveco|Daily|Furgón 35C 2.8D 105 RD 1900 DEE3000 4p 7,3m3|Furgones|C|Furgón|2000-01-01|2002-02-01|2010-10-19|Cesado|4|3|0|Diesel|2800|105|3600|77|250|0|3600|4|En línea|2|Turbo|Sí|Sí|Diesel con catalizador de oxidación|132|0,00|0,34||0|0,00|0,00|0,00|Diesel inyección directa|5|Manual|Independiente|Rígida|Trasera|Discos|Discos|195/65R16R|195/65R16R||70|5077|1996|2325|3000|3500|2110|7300|7300|0/0|0/0|0/0|1390|2600|1545||1||||IVEDAIVNA400E1|2001|2000||Italia|Standard||||||18441,73|0,00|3014,68|400,00|21856,41|2.80|94,40|100,00|Delantero |Longitudinal|18,50||Discontinued|Rueda normal|2001-04-01||||,
3|IVEDAI1072C|Iveco|Daily|Furgón 35C13 H1 RD DEE3000 4p 7,3m3|Furgones|C|Furgón|2000-01-01|2002-02-01|2010-10-19|Cesado|4|3|0|Diesel|2800|125|3600|92|290|0|3600|4|En línea|2|Turbo|Sí|Sí|Diesel con catalizador de oxidación|144|0,00|0,34||0|0,00|0,00|0,00|Diesel common rail|6|Manual|Independiente|Rígida|Trasera|Discos|Discos|195/65R16R|195/65R16R||70|5077|1996|2325|3000|3500|2130|7300|7300|0/0|0/0|0/0|1370|2600|1545||1||||IVEDAIVNA400E1|2001|2000||Italia|Standard||||||20244,77|0,00|3303,16|400,00|23947,93|2.80|94,40|100,00|Delantero |Longitudinal|18,50||Discontinued|Rueda normal|2001-04-01||||,
3|IVEDAI1082C|Iveco|Daily|Furgón 35C9 (BT) H1 RD DEE3000 4p 7,3m3|Furgones|C|Furgón|2000-01-01|2002-02-01|2010-10-19|Cesado|4|3|0|Diesel|2798|85|3800|63|179|0|3800|4|En línea|2|||Sí|Diesel con catalizador de oxidación|129|0,00|0,34||0|0,00|0,00|0,00|Diesel inyección directa|5|Manual|Torsion Beam|Rígida|Trasera|Discos|Discos|195/65R16R|195/65R16R||70|5077|1996|2390|3000|3500|2130|7300|7300|0/0|0/0|0/0|1370|2600|1545||1||||IVEDAIVNA400E1|2001|2000||Italia|Standard||||||17961,21|0,00|2937,79|400,00|21299,00|2.80|94,40|100,00|Delantero |Longitudinal|21,70||Discontinued|Rueda normal|2001-04-01||||,
3|IVEDAI1102C|Iveco|Daily|Furgón 35C13 (BT) H1 RD DEE3000 4p 7,3m3|Furgones|C|Furgón|2000-01-01|2002-02-01|2010-10-19|Cesado|4|3|0|Diesel|2800|125|3600|92|290|0|3600|4|En línea|2|Turbo|Sí|Sí|Diesel con catalizador de oxidación|144|0,00|0,34||0|0,00|0,00|0,00|Diesel common rail|6|Manual|Torsion Beam|Rígida|Trasera|Discos|Discos|195/65R16R|195/65R16R||70|5077|1996|2390|3000|3500|2160|7300|7300|0/0|0/0|0/0|1340|2600|1545||1||||IVEDAIVNA400E1|2001|2000||Italia|Standard||||||20425,07|0,00|3332,01|400,00|24157,08|2.80|94,40|100,00|Delantero |Longitudinal|18,50||Discontinued|Rueda normal|2001-04-01||||,
3|IVEDAI1112C|Iveco|Daily|Furgón 35S9 H1 RS DEE3000 4p 8,3m3|Furgones|C|Furgón|2000-01-01|2002-02-01|2010-10-19|Cesado|4|2|0|Diesel|2798|85|3800|63|179|0|3800|4|En línea|2|||Sí|Diesel con catalizador de oxidación|130|0,00|0,34||0|0,00|0,00|0,00|Diesel inyección directa|5|Manual|Independiente|Rígida|Trasera|Discos|Discos|225/70R15R|225/70R15R||70|5477|1996|2270|3000|3500|2020|8300|8300|0/0|0/0|0/0|1480|3000|1545||1||||IVEDAIVNA400E1|2001|2000||Italia|Standard||||||17600,00|0,00|2880,00|400,00|20880,00|2.80|94,40|100,00|Delantero |Longitudinal|21,70||Discontinued|Rueda normal|2001-04-01||||,
3|IVEDAI1122C|Iveco|Daily|Furgón 35S 2.8D 105 RS 1900 DEE3000 4p 8,3m3|Furgones|C|Furgón|2000-01-01|2002-02-01|2010-10-19|Cesado|4|2|0|Diesel|2800|105|3600|77|250|0|3600|4|En línea|2|Turbo|Sí|Sí|Diesel con catalizador de oxidación|136|0,00|0,34||0|0,00|0,00|0,00|Diesel inyección directa|5|Manual|Independiente|Rígida|Trasera|Discos|Discos|225/70R15R|225/70R15R||70|5477|1996|2270|3000|3500|2025|8300|8300|0/0|0/0|0/0|1475|3000|1545||1||||IVEDAIVNA400E1|2001|2000||Italia|Standard||||||18261,43|0,00|2985,83|400,00|21647,25|2.80|94,40|100,00|Delantero |Longitudinal|18,50||Discontinued|Rueda normal|2001-04-01||||,
3|IVEDAI1132C|Iveco|Daily|Furgón 35S13 H1 RS DEE3000 4p 8,3m3|Furgones|C|Furgón|2000-01-01|2002-02-01|2010-10-19|Cesado|4|2|0|Diesel|2800|125|3600|92|290|0|3600|4|En línea|2|Turbo|Sí|Sí|Diesel con catalizador de oxidación|150|0,00|0,34||0|0,00|0,00|0,00|Diesel common rail|6|Manual|Independiente|Rígida|Trasera|Discos|Discos|225/70R15R|225/70R15R||70|5477|1996|2270|3000|3500|2050|8300|8300|0/0|0/0|0/0|1450|3000|1545||1||||IVEDAIVNA400E1|2001|2000||Italia|Standard||||||20064,46|0,00|3274,31|400,00|23738,78|2.80|94,40|100,00|Delantero |Longitudinal|18,50||Discontinued|Rueda normal|2001-04-01||||,
3|IVEDAI1142C|Iveco|Daily|Furgón 35C9 H1 RD DEE3000 4p 8,3m3|Furgones|C|Furgón|2000-01-01|2002-02-01|2010-10-19|Cesado|4|3|0|Diesel|2798|85|3800|63|179|0|3800|4|En línea|2|||Sí|Diesel con catalizador de oxidación|129|0,00|0,34||0|0,00|0,00|0,00|Diesel inyección directa|5|Manual|Independiente|Rígida|Trasera|Discos|Discos|195/65R16R|195/65R16R||70|5477|1996|2325|3000|3500|2145|8300|8300|0/0|0/0|0/0|1355|3000|1545||1||||IVEDAIVNA400E1|2001|2000||Italia|Standard||||||18261,21|0,00|2985,79|400,00|21647,00|2.80|94,40|100,00|Delantero |Longitudinal|21,70||Discontinued|Rueda normal|2001-04-01||||,
3|IVEDAI1152C|Iveco|Daily|Furgón 35C 2.8D 105 RD 1900 DEE3000 4p 8,3m3|Furgones|C|Furgón|2000-01-01|2002-02-01|2010-10-19|Cesado|4|3|0|Diesel|2800|105|3600|77|250|0|3600|4|En línea|2|Turbo|Sí|Sí|Diesel con catalizador de oxidación|132|0,00|0,34||0|0,00|0,00|0,00|Diesel inyección directa|5|Manual|Independiente|Rígida|Trasera|Discos|Discos|195/65R16R|195/65R16R||70|5477|1996|2325|3000|3500|2150|8300|8300|0/0|0/0|0/0|1350|3000|1545||1||||IVEDAIVNA400E1|2001|2000||Italia|Standard||||||18922,54|0,00|3091,61|400,00|22414,15|2.80|94,40|100,00|Delantero |Longitudinal|18,50||Discontinued|Rueda normal|2001-04-01||||,
3|IVEDAI1162C|Iveco|Daily|Furgón 35C13 H1 RD DEE3000 4p 8,3m3|Furgones|C|Furgón|2000-01-01|2002-02-01|2010-10-19|Cesado|4|3|0|Diesel|2800|125|3600|92|290|0|3600|4|En línea|2|Turbo|Sí|Sí|Diesel con catalizador de oxidación|144|0,00|0,34||0|0,00|0,00|0,00|Diesel common rail|6|Manual|Independiente|Rígida|Trasera|Discos|Discos|195/65R16R|195/65R16R||70|5477|1996|2325|3000|3500|2170|8300|8300|0/0|0/0|0/0|1330|3000|1545||1||||IVEDAIVNA400E1|2001|2000||Italia|Standard||||||20725,58|0,00|3380,09|400,00|24505,67|2.80|94,40|100,00|Delantero |Longitudinal|18,50||Discontinued|Rueda normal|2001-04-01||||,
3|VAGTAL0046A|Volkswagen|Tiguan Allspace|1.5 TSI 150 Life 5p|Todo Terreno Médios|P|Todo Terreno|2021-07-16||2021-10-08|Activo|5|7|0|Gasolina|1498|150|5000|110|250|1500|5000|4|En línea|4|Turbo|Sí|Sí|Catalizador regulado|201|10,,,,,,,,,,,,,,,
3|VAGTAL0047A|Volkswagen|Tiguan Allspace|1.5 TSI 150 Life 5p DSG7|Todo Terreno Médios|P|Todo Terreno|2021-07-16||2021-10-08|Activo|5|7|0|Gasolina|1498|150|5000|110|250|1500|5000|4|En línea|4|Turbo|Sí|Sí|Catalizador regulado|200|9,,,,,,,,,,,,,,,
3|VAGTAL0048A|Volkswagen|Tiguan Allspace|1.5 TSI 150 R-Line 5p DSG7|Todo Terreno Médios|P|Todo Terreno|2021-07-16||2021-10-08|Activo|5|7|0|Gasolina|1498|150|5000|110|250|1500|5000|4|En línea|4|Turbo|Sí|Sí|Catalizador regulado|200|9,,,,,,,,,,,,,,,
3|VAGTAL0049A|Volkswagen|Tiguan Allspace|2.0 TSI 190 R-Line 4M 5p DSG7|Todo Terreno Médios|P|Todo Terreno|2021-07-16||2021-10-08|Activo|5|7|0|Gasolina|1984|190|4200|140|320|1500|4200|4|En línea|4|Turbo|Sí|Sí|Catalizador regulado|213|7,,,,,,,,,,,,,,,
3|VAGTAL0050A|Volkswagen|Tiguan Allspace|2.0 TDI 150 Life 5p|Todo Terreno Médios|P|Todo Terreno|2021-07-16||2021-10-08|Activo|5|7|0|Diesel|1968|150|3500|110|340|1750|3500|4|En línea|4|Turbo|Sí|Sí|Diesel filtro de partículas|200|9,,,,,,,,,,,,,,,
3|VAGTAL0051A|Volkswagen|Tiguan Allspace|2.0 TDI 150 Life 5p DSG7|Todo Terreno Médios|P|Todo Terreno|2021-07-16||2021-10-08|Activo|5|7|0|Diesel|1968|150|3500|110|340|1750|3500|4|En línea|4|Turbo|Sí|Sí|Diesel filtro de partículas|199|9,,,,,,,,,,,,,,,
3|VAGTAL0052A|Volkswagen|Tiguan Allspace|2.0 TDI 150 R-Line 5p|Todo Terreno Médios|P|Todo Terreno|2021-07-16||2021-10-08|Activo|5|7|0|Diesel|1968|150|3500|110|340|1750|3500|4|En línea|4|Turbo|Sí|Sí|Diesel filtro de partículas|200|9,,,,,,,,,,,,,,,
3|VAGTAL0053A|Volkswagen|Tiguan Allspace|2.0 TDI 150 Life 4M 5p DSG7|Todo Terreno Médios|P|Todo Terreno|2021-07-16||2021-10-08|Activo|5|7|0|Diesel|1968|150|3500|110|340|1750|3500|4|En línea|4|Turbo|Sí|Sí|Diesel filtro de partículas|197|9,,,,,,,,,,,,,,,
3|VAGTAL0054A|Volkswagen|Tiguan Allspace|2.0 TDI 150 R-Line 4M 5p DSG7|Todo Terreno Médios|P|Todo Terreno|2021-07-16||2021-10-08|Activo|5|7|0|Diesel|1968|150|3500|110|340|1750|3500|4|En línea|4|Turbo|Sí|Sí|Diesel filtro de partículas|197|9,,,,,,,,,,,,,,,
3|VAGTAL0055A|Volkswagen|Tiguan Allspace|2.0 TDI 200 R-Line 4M 5p DSG7|Todo Terreno Médios|P|Todo Terreno|2021-07-16||2021-10-08|Activo|5|7|0|Diesel|1968|200|3500|140|400|1900|3500|4|En línea|4|Turbo|Sí|Sí|Diesel filtro de partículas|216|7,,,,,,,,,,,,,,,
3|DACSPR0003A|Dacia|Spring|Electric 45 27,,,,,,,,,,,,,,,
3|DACSPR0004A|Dacia|Spring|Electric 45 27,,,,,,,,,,,,,,,
3|DACSPR0005A|Dacia|Spring|Electric 45 27,,,,,,,,,,,,,,,
3|KIACED0458A|KIA|Ceed|1.0 T-GDi 100 Concept 5p ISG|Familiares Pequeños|P|Hatchback|2021-09-02||2021-10-11|En Actualización|5|5|0|Gasolina|998|100|4500|74|172|1500|4500|3|En línea|4|Turbo|Sí|Sí|Catalizador regulado|183|11,,,,,,,,,,,,,,,
3|KIACED0459A|KIA|Ceed|1.0 T-GDi 100 Drive 5p ISG|Familiares Pequeños|P|Hatchback|2021-09-02||2021-10-11|En Actualización|5|5|0|Gasolina|998|100|4500|74|172|1500|4500|3|En línea|4|Turbo|Sí|Sí|Catalizador regulado|183|11,,,,,,,,,,,,,,,
3|KIACED0460A|KIA|Ceed|1.0 T-GDi 100 Tech 5p ISG|Familiares Pequeños|P|Hatchback|2021-09-02||2021-10-11|En Actualización|5|5|0|Gasolina|998|100|4500|74|172|1500|4500|3|En línea|4|Turbo|Sí|Sí|Catalizador regulado|183|11,,,,,,,,,,,,,,,
3|KIACED0461A|KIA|Ceed|1.0 T-GDi 120 Concept 5p ISG|Familiares Pequeños|P|Hatchback|2021-09-02||2021-10-11|En Actualización|5|5|0|Gasolina|998|120|6000|88|172|1500|6000|3|En línea|4|Turbo|Sí|Sí|Catalizador regulado|190|11,,,,,,,,,,,,,,,
3|KIACED0462A|KIA|Ceed|1.0 T-GDi 120 Drive 5p ISG|Familiares Pequeños|P|Hatchback|2021-09-02||2021-10-11|En Actualización|5|5|0|Gasolina|998|120|6000|88|172|1500|6000|3|En línea|4|Turbo|Sí|Sí|Catalizador regulado|190|11,,,,,,,,,,,,,,,
3|KIACED0463A|KIA|Ceed|1.0 T-GDi 120 Tech 5p ISG|Familiares Pequeños|P|Hatchback|2021-09-02||2021-10-11|En Actualización|5|5|0|Gasolina|998|120|6000|88|172|1500|6000|3|En línea|4|Turbo|Sí|Sí|Catalizador regulado|190|11,,,,,,,,,,,,,,,
3|KIACED0464A|KIA|Ceed|MHEV 1.0 T-GDi 120 Drive 5p ISG DCT|Familiares Pequeños|P|Hatchback|2021-09-02||2021-10-11|En Actualización|5|5|0|Microhibrido: Gasolina/Electri|998|120|6000|88|200|2000|6000|3|En línea|4|Turbo|Sí|Sí|Catalizador regulado|190|11,,,,,,,,,,,,,,,
3|KIACED0465A|KIA|Ceed|MHEV 1.0 T-GDi 120 Tech 5p ISG DCT|Familiares Pequeños|P|Hatchback|2021-09-02||2021-10-11|En Actualización|5|5|0|Microhibrido: Gasolina/Electri|998|120|6000|88|200|2000|6000|3|En línea|4|Turbo|Sí|Sí|Catalizador regulado|190|11,,,,,,,,,,,,,,,
3|KIACED0466A|KIA|Ceed|MHEV 1.5 T-GDi 160 Tech 5p ISG DCT|Familiares Pequeños|P|Hatchback|2021-09-02||2021-10-11|En Actualización|5|5|0|Microhibrido: Gasolina/Electri|1482|160|5500|118|253|1500|5500|4|En línea|4|Turbo|Sí|Sí|Catalizador regulado|210|8,,,,,,,,,,,,,,,
3|KIACED0467A|KIA|Ceed|MHEV 1.5 T-GDi 160 GT Line 5p ISG DCT|Familiares Pequeños|P|Hatchback|2021-09-02||2021-10-11|En Actualización|5|5|0|Microhibrido: Gasolina/Electri|1482|160|5500|118|253|1500|5500|4|En línea|4|Turbo|Sí|Sí|Catalizador regulado|210|8,,,,,,,,,,,,,,,
3|KIACED0468A|KIA|Ceed|1.6 T-GDi 204 GT 5p ISG DCT|Familiares Pequeños|P|Hatchback|2021-09-02||2021-10-11|En Actualización|5|5|0|Gasolina|1591|204|6000|150|265|1500|6000|4|En línea|4|Turbo|Sí|Sí|Catalizador regulado|225|7,,,,,,,,,,,,,,,
3|KIACED0469A|KIA|Ceed|MHEV 1.6 136 Concept 5p ISG|Familiares Pequeños|P|Hatchback|2021-09-02||2021-10-11|En Actualización|5|5|0|Microhibrido: Diesel/Electrico|1598|136|4000|100|280|1500|4000|4|En línea|4|Turbo|Sí|Sí|Diesel filtro de partículas|200|10,,,,,,,,,,,,,,,
3|KIACED0470A|KIA|Ceed|MHEV 1.6 136 Drive 5p ISG|Familiares Pequeños|P|Hatchback|2021-09-02||2021-10-11|En Actualización|5|5|0|Microhibrido: Diesel/Electrico|1598|136|4000|100|280|1500|4000|4|En línea|4|Turbo|Sí|Sí|Diesel filtro de partículas|200|10,,,,,,,,,,,,,,,
3|KIACED0471A|KIA|Ceed|MHEV 1.6 136 Tech 5p ISG|Familiares Pequeños|P|Hatchback|2021-09-02||2021-10-11|En Actualización|5|5|0|Microhibrido: Diesel/Electrico|1598|136|4000|100|280|1500|4000|4|En línea|4|Turbo|Sí|Sí|Diesel filtro de partículas|200|10,,,,,,,,,,,,,,,
3|KIACED0472A|KIA|Ceed|MHEV 1.6 136 Tech 5p ISG DCT|Familiares Pequeños|P|Hatchback|2021-09-02||2021-10-11|En Actualización|5|5|0|Microhibrido: Diesel/Electrico|1598|136|4000|100|320|2000|4000|4|En línea|4|Turbo|Sí|Sí|Diesel filtro de partículas|200|9,,,,,,,,,,,,,,,
3|KIACED0473A|KIA|Ceed|MHEV 1.6 136 GT Line 5p ISG|Familiares Pequeños|P|Hatchback|2021-09-02||2021-10-11|En Actualización|5|5|0|Microhibrido: Diesel/Electrico|1598|136|4000|100|280|1500|4000|4|En línea|4|Turbo|Sí|Sí|Diesel filtro de partículas|200|10,,,,,,,,,,,,,,,
3|KIACED0474A|KIA|Ceed|MHEV 1.6 136 GT Line 5p ISG DCT|Familiares Pequeños|P|Hatchback|2021-09-02||2021-10-11|En Actualización|5|5|0|Microhibrido: Diesel/Electrico|1598|136|4000|100|320|2000|4000|4|En línea|4|Turbo|Sí|Sí|Diesel filtro de partículas|200|9,,,,,,,,,,,,,,,
3|KIACED0475A|KIA|Ceed|Tourer 1.0 T-GDi 120 Concept 5p ISG|Familiares Pequeños|P|Familiar|2021-09-02||2021-10-11|En Actualización|5|5|0|Gasolina|998|120|6000|88|172|1500|6000|3|En línea|4|Turbo|Sí|Sí|Catalizador regulado|190|11,,,,,,,,,,,,,,,
3|KIACED0476A|KIA|Ceed|Tourer 1.0 T-GDi 120 Drive 5p ISG|Familiares Pequeños|P|Familiar|2021-09-02||2021-10-11|En Actualización|5|5|0|Gasolina|998|120|6000|88|172|1500|6000|3|En línea|4|Turbo|Sí|Sí|Catalizador regulado|190|11,,,,,,,,,,,,,,,
3|KIACED0477A|KIA|Ceed|Tourer 1.0 T-GDi 120 Tech 5p ISG|Familiares Pequeños|P|Familiar|2021-09-02||2021-10-11|En Actualización|5|5|0|Gasolina|998|120|6000|88|172|1500|6000|3|En línea|4|Turbo|Sí|Sí|Catalizador regulado|190|11,,,,,,,,,,,,,,,
3|KIACED0478A|KIA|Ceed|Tourer MHEV 1.0 T-GDi 120 Drive 5p ISG DCT|Familiares Pequeños|P|Familiar|2021-09-02||2021-10-11|En Actualización|5|5|0|Microhibrido: Gasolina/Electri|998|120|6000|88|200|2000|6000|3|En línea|4|Turbo|Sí|Sí|Catalizador regulado|190|11,,,,,,,,,,,,,,,
3|KIACED0479A|KIA|Ceed|Tourer MHEV 1.0 T-GDi 120 Tech 5p ISG DCT|Familiares Pequeños|P|Familiar|2021-09-02||2021-10-11|En Actualización|5|5|0|Microhibrido: Gasolina/Electri|998|120|6000|88|200|2000|6000|3|En línea|4|Turbo|Sí|Sí|Catalizador regulado|190|11,,,,,,,,,,,,,,,
3|KIACED0480A|KIA|Ceed|Tourer MHEV 1.5 T-GDi 160 Tech 5p ISG DCT|Familiares Pequeños|P|Familiar|2021-09-02||2021-10-11|En Actualización|5|5|0|Microhibrido: Gasolina/Electri|1482|160|5500|118|253|1500|5500|4|En línea|4|Turbo|Sí|Sí|Catalizador regulado|210|8,,,,,,,,,,,,,,,
3|KIACED0481A|KIA|Ceed|Tourer MHEV 1.5 T-GDi 160 GT Line 5p ISG DCT|Familiares Pequeños|P|Familiar|2021-09-02||2021-10-11|En Actualización|5|5|0|Microhibrido: Gasolina/Electri|1482|160|5500|118|253|1500|5500|4|En línea|4|Turbo|Sí|Sí|Catalizador regulado|210|8,,,,,,,,,,,,,,,
3|KIACED0482A|KIA|Ceed|Tourer MHEV 1.6 136 Concept 5p ISG|Familiares Pequeños|P|Familiar|2021-09-02||2021-10-11|En Actualización|5|5|0|Microhibrido: Diesel/Electrico|1598|136|4000|100|280|1500|4000|4|En línea|4|Turbo|Sí|Sí|Diesel filtro de partículas|200|10,,,,,,,,,,,,,,,
3|KIACED0483A|KIA|Ceed|Tourer MHEV 1.6 136 Drive 5p ISG|Familiares Pequeños|P|Familiar|2021-09-02||2021-10-11|En Actualización|5|5|0|Microhibrido: Diesel/Electrico|1598|136|4000|100|280|1500|4000|4|En línea|4|Turbo|Sí|Sí|Diesel filtro de partículas|200|10,,,,,,,,,,,,,,,
3|KIACED0484A|KIA|Ceed|Tourer MHEV 1.6 136 Tech 5p ISG|Familiares Pequeños|P|Familiar|2021-09-02||2021-10-11|En Actualización|5|5|0|Microhibrido: Diesel/Electrico|1598|136|4000|100|280|1500|4000|4|En línea|4|Turbo|Sí|Sí|Diesel filtro de partículas|200|10,,,,,,,,,,,,,,,
3|KIACED0485A|KIA|Ceed|Tourer MHEV 1.6 136 Tech 5p ISG DCT|Familiares Pequeños|P|Familiar|2021-09-02||2021-10-11|En Actualización|5|5|0|Microhibrido: Diesel/Electrico|1598|136|4000|100|320|2000|4000|4|En línea|4|Turbo|Sí|Sí|Diesel filtro de partículas|200|10,,,,,,,,,,,,,,,
3|KIACED0486A|KIA|Ceed|Tourer MHEV 1.6 136 GT Line 5p ISG|Familiares Pequeños|P|Familiar|2021-09-02||2021-10-11|En Actualización|5|5|0|Microhibrido: Diesel/Electrico|1598|136|4000|100|280|1500|4000|4|En línea|4|Turbo|Sí|Sí|Diesel filtro de partículas|200|10,,,,,,,,,,,,,,,
3|KIACED0487A|KIA|Ceed|Tourer MHEV 1.6 136 GT Line 5p ISG DCT|Familiares Pequeños|P|Familiar|2021-09-02||2021-10-11|En Actualización|5|5|0|Microhibrido: Diesel/Electrico|1598|136|4000|100|320|2000|4000|4|En línea|4|Turbo|Sí|Sí|Diesel filtro de partículas|200|10,,,,,,,,,,,,,,,
3|KIACED0488A|KIA|Ceed|Tourer Hybrid PHEV 1.6 141 eDrive 5p ISG DCT|Familiares Pequeños|P|Familiar|2021-09-02||2021-10-11|En Actualización|5|5|0|Híbrido: Gasolina/Plug In|1580|141|5700|104|141|0|5700|4|En línea|4|||Sí|Catalizador regulado|171|10,,,,,,,,,,,,,,,
3|KIACED0489A|KIA|Ceed|Tourer Hybrid PHEV 1.6 141 eTech 5p ISG DCT|Familiares Pequeños|P|Familiar|2021-09-02||2021-10-11|En Actualización|5|5|0|Híbrido: Gasolina/Plug In|1580|141|5700|104|141|0|5700|4|En línea|4|||Sí|Catalizador regulado|171|10,,,,,,,,,,,,,,,
3|KIACED0490A|KIA|Ceed|Tourer Hybrid PHEV 1.6 141 eMotion 5p ISG DCT|Familiares Pequeños|P|Familiar|2021-09-02||2021-10-11|En Actualización|5|5|0|Híbrido: Gasolina/Plug In|1580|141|5700|104|147|0|5700|4|En línea|4|||Sí|Catalizador regulado|171|10,,,,,,,,,,,,,,,
3|RENCAP0158A|Renault|Captur|Micro Híbrido 1.3 TCe 140 Fast Track 5p S/S|Todo Terreno Pequeños|P|Todo Terreno|2021-10-01||2021-10-11|Activo|5|5|0|Microhibrido: Gasolina/Electri|1333|140|0|103|260|0|0|4|En línea|4|Turbo|Sí|Sí|Catalizador regulado|196|10,,,,,,,,,,,,,,,
3|RENCAP0159A|Renault|Captur|E-Tech Plug-in 1.6 160 Fast Track 5p S/S CVT|Todo Terreno Pequeños|P|Todo Terreno|2021-10-01||2021-10-11|Activo|5|5|0|Híbrido: Gasolina/Plug In|1598|159|0|117|205|0|0|4|En línea|4|Turbo|Sí|Sí|Catalizador regulado|173|10,,,,,,,,,,,,,,,
